id,pid,product_id,top_availability,variant_id,title_ua,title_ru,original_price,sale_price,currency,stock_qty,value,unit,type,values_json,availability
1,1,p100001,,P100001-S,Маленький пакет,Маленький  пакет,10.0,8.0,UAH,100,20.0,pcs,quantity,,
2,1,p100001,,P100001-L,Великий пакет,Большой  пакет,20.0,8.0,UAH,100,20.0,pcs,quantity,,
3,1,p100001,,P100001-M,Середній пакет,Средний  пакет,15.0,8.0,UAH,100,20.0,pcs,quantity,,
4,2,p100002,,P100002-S,Маленький пакет,Маленький  пакет,10.0,8.0,UAH,100,20.0,pcs,quantity,,
5,2,p100002,,P100002-L,Великий пакет,Большой  пакет,20.0,8.0,UAH,100,20.0,pcs,quantity,,
6,3,p100003,,P100003-S,Маленький пакет,Маленький  пакет,10.0,8.0,UAH,100,20.0,pcs,quantity,,
7,3,p100003,,P100003-L,Великий пакет,Большой  пакет,20.0,8.0,UAH,100,20.0,pcs,quantity,,
8,4,p100004,,P100004-S,Маленький пакет,Маленький  пакет,10.0,8.0,UAH,100,20.0,pcs,quantity,,
9,4,p100004,,P100004-L,Великий пакет,Большой  пакет,20.0,8.0,UAH,100,20.0,pcs,quantity,,
10,4,p100004,,P100004-M,Середній пакет,Средний  пакет,15.0,8.0,UAH,100,20.0,pcs,quantity,,
11,5,p100005,,P100005-S,Маленький пакет,Маленький  пакет,10.0,8.0,UAH,100,20.0,pcs,quantity,,
12,5,p100005,,P100005-L,Великий пакет,Большой  пакет,20.0,8.0,UAH,100,20.0,pcs,quantity,,
13,6,p100006,,P100006-S,Маленький пакет,Маленький  пакет,10.0,8.0,UAH,100,20.0,pcs,quantity,,
14,6,p100006,,P100006-L,Великий пакет,Большой  пакет,20.0,8.0,UAH,100,20.0,pcs,quantity,,
15,7,p100007,,P100007-S,Маленький пакет,Маленький  пакет,10.0,8.0,UAH,100,20.0,pcs,quantity,,
16,7,p100007,,P100007-L,Великий пакет,Большой  пакет,20.0,8.0,UAH,100,20.0,pcs,quantity,,
17,7,p100007,,P100007-M,Середній пакет,Средний  пакет,15.0,8.0,UAH,100,20.0,pcs,quantity,,
18,8,p100008,,P100008-S,Маленький пакет,Маленький  пакет,10.0,8.0,UAH,100,20.0,pcs,quantity,,
19,8,p100008,,P100008-L,Великий пакет,Большой  пакет,20.0,8.0,UAH,100,20.0,pcs,quantity,,
20,9,p100009,,P100009-S,Маленький пакет,Маленький  пакет,10.0,8.0,UAH,100,20.0,pcs,quantity,,
21,9,p100009,,P100009-L,Великий пакет,Большой  пакет,20.0,8.0,UAH,100,20.0,pcs,quantity,,
22,10,p100010,,P100010-S,Маленький пакет,Маленький  пакет,10.0,8.0,UAH,100,20.0,pcs,quantity,,
23,10,p100010,,P100010-L,Великий пакет,Большой  пакет,20.0,8.0,UAH,100,20.0,pcs,quantity,,
24,10,p100010,,P100010-M,Середній пакет,Средний  пакет,15.0,8.0,UAH,100,20.0,pcs,quantity,,
25,11,p100011,,P100011-S,Маленький пакет,Маленький  пакет,10.0,8.0,UAH,100,20.0,pcs,quantity,,
26,11,p100011,,P100011-L,Великий пакет,Большой  пакет,20.0,8.0,UAH,100,20.0,pcs,quantity,,
27,12,p100012,,P100012-S,Маленький пакет,Маленький  пакет,10.0,8.0,UAH,100,20.0,pcs,quantity,,
28,12,p100012,,P100012-L,Великий пакет,Большой  пакет,20.0,8.0,UAH,100,20.0,pcs,quantity,,
29,13,p100013,,P100013-S,Маленький пакет,Маленький  пакет,10.0,8.0,UAH,100,20.0,pcs,quantity,,
30,13,p100013,,P100013-L,Великий пакет,Большой  пакет,20.0,8.0,UAH,100,20.0,pcs,quantity,,
31,13,p100013,,P100013-M,Середній пакет,Средний  пакет,15.0,8.0,UAH,100,20.0,pcs,quantity,,
32,14,p100014,,P100014-S,Маленький пакет,Маленький  пакет,10.0,8.0,UAH,100,20.0,pcs,quantity,,
33,14,p100014,,P100014-L,Великий пакет,Большой  пакет,20.0,8.0,UAH,100,20.0,pcs,quantity,,
34,15,p100015,,P100015-S,Маленький пакет,Маленький  пакет,10.0,8.0,UAH,100,20.0,pcs,quantity,,
35,15,p100015,,P100015-L,Великий пакет,Большой  пакет,20.0,8.0,UAH,100,20.0,pcs,quantity,,
36,16,p100016,,P100016-S,Маленький пакет,Маленький  пакет,10.0,8.0,UAH,100,20.0,pcs,quantity,,
37,16,p100016,,P100016-L,Великий пакет,Большой  пакет,20.0,8.0,UAH,100,20.0,pcs,quantity,,
38,16,p100016,,P100016-M,Середній пакет,Средний  пакет,15.0,8.0,UAH,100,20.0,pcs,quantity,,
39,17,p100017,,P100017-S,Маленький пакет,Маленький  пакет,10.0,8.0,UAH,100,20.0,pcs,quantity,,
40,17,p100017,,P100017-L,Великий пакет,Большой  пакет,20.0,8.0,UAH,100,20.0,pcs,quantity,,
41,18,p100018,,P100018-S,Маленький пакет,Маленький  пакет,10.0,8.0,UAH,100,20.0,pcs,quantity,,
42,18,p100018,,P100018-L,Великий пакет,Большой  пакет,20.0,8.0,UAH,100,20.0,pcs,quantity,,
43,19,p100019,,P100019-S,Маленький пакет,Маленький  пакет,10.0,8.0,UAH,100,20.0,pcs,quantity,,
44,19,p100019,,P100019-L,Великий пакет,Большой  пакет,20.0,8.0,UAH,100,20.0,pcs,quantity,,
45,19,p100019,,P100019-M,Середній пакет,Средний  пакет,15.0,8.0,UAH,100,20.0,pcs,quantity,,
46,20,p100020,,P100020-S,Маленький пакет,Маленький  пакет,10.0,8.0,UAH,100,20.0,pcs,quantity,,
47,20,p100020,,P100020-L,Великий пакет,Большой  пакет,20.0,8.0,UAH,100,20.0,pcs,quantity,,
48,21,p100021,,P100021-S,Маленький пакет,Маленький  пакет,10.0,8.0,UAH,100,20.0,pcs,quantity,,
49,21,p100021,,P100021-L,Великий пакет,Большой  пакет,20.0,8.0,UAH,100,20.0,pcs,quantity,,
50,22,p100022,,P100022-S,Маленький пакет,Маленький  пакет,10.0,8.0,UAH,100,20.0,pcs,quantity,,
51,22,p100022,,P100022-L,Великий пакет,Большой  пакет,20.0,8.0,UAH,100,20.0,pcs,quantity,,
52,22,p100022,,P100022-M,Середній пакет,Средний  пакет,15.0,8.0,UAH,100,20.0,pcs,quantity,,
53,23,p100023,,P100023-S,Маленький пакет,Маленький  пакет,10.0,8.0,UAH,100,20.0,pcs,quantity,,
54,23,p100023,,P100023-L,Великий пакет,Большой  пакет,20.0,8.0,UAH,100,20.0,pcs,quantity,,
55,24,p100024,,P100024-S,Маленький пакет,Маленький  пакет,10.0,8.0,UAH,100,20.0,pcs,quantity,,
56,24,p100024,,P100024-L,Великий пакет,Большой  пакет,20.0,8.0,UAH,100,20.0,pcs,quantity,,
57,25,p100025,,P100025-S,Маленький пакет,Маленький  пакет,10.0,8.0,UAH,100,20.0,pcs,quantity,,
58,25,p100025,,P100025-L,Великий пакет,Большой  пакет,20.0,8.0,UAH,100,20.0,pcs,quantity,,
59,25,p100025,,P100025-M,Середній пакет,Средний  пакет,15.0,8.0,UAH,100,20.0,pcs,quantity,,
60,26,p100026,,P100026-S,Маленький пакет,Маленький  пакет,10.0,8.0,UAH,100,20.0,pcs,quantity,,
61,26,p100026,,P100026-L,Великий пакет,Большой  пакет,20.0,8.0,UAH,100,20.0,pcs,quantity,,
62,27,p100027,,P100027-S,Маленький пакет,Маленький  пакет,10.0,8.0,UAH,100,20.0,pcs,quantity,,
63,27,p100027,,P100027-L,Великий пакет,Большой  пакет,20.0,8.0,UAH,100,20.0,pcs,quantity,,
64,28,p100028,,P100028-S,Маленький пакет,Маленький  пакет,10.0,8.0,UAH,100,20.0,pcs,quantity,,
65,28,p100028,,P100028-L,Великий пакет,Большой  пакет,20.0,8.0,UAH,100,20.0,pcs,quantity,,
66,28,p100028,,P100028-M,Середній пакет,Средний  пакет,15.0,8.0,UAH,100,20.0,pcs,quantity,,
67,29,p100029,,P100029-S,Маленький пакет,Маленький  пакет,10.0,8.0,UAH,100,20.0,pcs,quantity,,
68,29,p100029,,P100029-L,Великий пакет,Большой  пакет,20.0,8.0,UAH,100,20.0,pcs,quantity,,
69,30,p100030,,P100030-S,Маленький пакет,Маленький  пакет,10.0,8.0,UAH,100,20.0,pcs,quantity,,
70,30,p100030,,P100030-L,Великий пакет,Большой  пакет,20.0,8.0,UAH,100,20.0,pcs,quantity,,
71,31,p100031,,P100031-S,Маленький пакет,Маленький  пакет,10.0,8.0,UAH,100,20.0,pcs,quantity,,
72,31,p100031,,P100031-L,Великий пакет,Большой  пакет,20.0,8.0,UAH,100,20.0,pcs,quantity,,
73,31,p100031,,P100031-M,Середній пакет,Средний  пакет,15.0,8.0,UAH,100,20.0,pcs,quantity,,
74,32,p100032,,P100032-S,Маленький пакет,Маленький  пакет,10.0,8.0,UAH,100,20.0,pcs,quantity,,
75,32,p100032,,P100032-L,Великий пакет,Большой  пакет,20.0,8.0,UAH,100,20.0,pcs,quantity,,
76,33,p100033,,P100033-S,Маленький пакет,Маленький  пакет,10.0,8.0,UAH,100,20.0,pcs,quantity,,
77,33,p100033,,P100033-L,Великий пакет,Большой  пакет,20.0,8.0,UAH,100,20.0,pcs,quantity,,
78,34,p100034,,P100034-S,Маленький пакет,Маленький  пакет,10.0,8.0,UAH,100,20.0,pcs,quantity,,
79,34,p100034,,P100034-L,Великий пакет,Большой  пакет,20.0,8.0,UAH,100,20.0,pcs,quantity,,
80,34,p100034,,P100034-M,Середній пакет,Средний  пакет,15.0,8.0,UAH,100,20.0,pcs,quantity,,
81,35,p100035,,P100035-S,Маленький пакет,Маленький  пакет,10.0,8.0,UAH,100,20.0,pcs,quantity,,
82,35,p100035,,P100035-L,Великий пакет,Большой  пакет,20.0,8.0,UAH,100,20.0,pcs,quantity,,
83,36,p100036,,P100036-S,Маленький пакет,Маленький  пакет,10.0,8.0,UAH,100,20.0,pcs,quantity,,
84,36,p100036,,P100036-L,Великий пакет,Большой  пакет,20.0,8.0,UAH,100,20.0,pcs,quantity,,
85,37,p100037,,P100037-S,Маленький пакет,Маленький  пакет,10.0,8.0,UAH,100,20.0,pcs,quantity,,
86,37,p100037,,P100037-L,Великий пакет,Большой  пакет,20.0,8.0,UAH,100,20.0,pcs,quantity,,
87,37,p100037,,P100037-M,Середній пакет,Средний  пакет,15.0,8.0,UAH,100,20.0,pcs,quantity,,
88,38,p100038,,P100038-S,Маленький пакет,Маленький  пакет,10.0,8.0,UAH,100,20.0,pcs,quantity,,
89,38,p100038,,P100038-L,Великий пакет,Большой  пакет,20.0,8.0,UAH,100,20.0,pcs,quantity,,
90,39,p100039,,P100039-S,Маленький пакет,Маленький  пакет,10.0,8.0,UAH,100,20.0,pcs,quantity,,
91,39,p100039,,P100039-L,Великий пакет,Большой  пакет,20.0,8.0,UAH,100,20.0,pcs,quantity,,
92,40,p100040,,P100040-S,Маленький пакет,Маленький  пакет,10.0,8.0,UAH,100,20.0,pcs,quantity,,
93,40,p100040,,P100040-L,Великий пакет,Большой  пакет,20.0,8.0,UAH,100,20.0,pcs,quantity,,
94,40,p100040,,P100040-M,Середній пакет,Средний  пакет,15.0,8.0,UAH,100,20.0,pcs,quantity,,
95,41,p100041,,P100041-S,Маленький пакет,Маленький  пакет,10.0,8.0,UAH,100,20.0,pcs,quantity,,
96,41,p100041,,P100041-L,Великий пакет,Большой  пакет,20.0,8.0,UAH,100,20.0,pcs,quantity,,
97,42,p100042,,P100042-S,Маленький пакет,Маленький  пакет,10.0,8.0,UAH,100,20.0,pcs,quantity,,
98,42,p100042,,P100042-L,Великий пакет,Большой  пакет,20.0,8.0,UAH,100,20.0,pcs,quantity,,
99,43,p100043,,P100043-S,Маленький пакет,Маленький  пакет,10.0,8.0,UAH,100,20.0,pcs,quantity,,
100,43,p100043,,P100043-L,Великий пакет,Большой  пакет,20.0,8.0,UAH,100,20.0,pcs,quantity,,
101,43,p100043,,P100043-M,Середній пакет,Средний  пакет,15.0,8.0,UAH,100,20.0,pcs,quantity,,
102,44,p100044,,P100044-S,Маленький пакет,Маленький  пакет,10.0,8.0,UAH,100,20.0,pcs,quantity,,
103,44,p100044,,P100044-L,Великий пакет,Большой  пакет,20.0,8.0,UAH,100,20.0,pcs,quantity,,
104,45,p100045,,P100045-S,Маленький пакет,Маленький  пакет,10.0,8.0,UAH,100,20.0,pcs,quantity,,
105,45,p100045,,P100045-L,Великий пакет,Большой  пакет,20.0,8.0,UAH,100,20.0,pcs,quantity,,
106,46,p100046,,P100046-S,Маленький пакет,Маленький  пакет,10.0,8.0,UAH,100,20.0,pcs,quantity,,
107,46,p100046,,P100046-L,Великий пакет,Большой  пакет,20.0,8.0,UAH,100,20.0,pcs,quantity,,
108,46,p100046,,P100046-M,Середній пакет,Средний  пакет,15.0,8.0,UAH,100,20.0,pcs,quantity,,
109,47,p100047,,P100047-S,Маленький пакет,Маленький  пакет,10.0,8.0,UAH,100,20.0,pcs,quantity,,
110,47,p100047,,P100047-L,Великий пакет,Большой  пакет,20.0,8.0,UAH,100,20.0,pcs,quantity,,
111,48,p100048,,P100048-S,Маленький пакет,Маленький  пакет,10.0,8.0,UAH,100,20.0,pcs,quantity,,
112,48,p100048,,P100048-L,Великий пакет,Большой  пакет,20.0,8.0,UAH,100,20.0,pcs,quantity,,
113,49,p100049,,P100049-S,Маленький пакет,Маленький  пакет,10.0,8.0,UAH,100,20.0,pcs,quantity,,
114,49,p100049,,P100049-L,Великий пакет,Большой  пакет,20.0,8.0,UAH,100,20.0,pcs,quantity,,
115,49,p100049,,P100049-M,Середній пакет,Средний  пакет,15.0,8.0,UAH,100,20.0,pcs,quantity,,
116,50,p100050,,P100050-S,Маленький пакет,Маленький  пакет,10.0,8.0,UAH,100,20.0,pcs,quantity,,
117,50,p100050,,P100050-L,Великий пакет,Большой  пакет,20.0,8.0,UAH,100,20.0,pcs,quantity,,
118,51,p100051,,P100051-S,Маленький пакет,Маленький  пакет,10.0,8.0,UAH,100,20.0,pcs,quantity,,
119,51,p100051,,P100051-L,Великий пакет,Большой  пакет,20.0,8.0,UAH,100,20.0,pcs,quantity,,
120,52,p100052,,P100052-S,Маленький пакет,Маленький  пакет,10.0,8.0,UAH,100,20.0,pcs,quantity,,
121,52,p100052,,P100052-L,Великий пакет,Большой  пакет,20.0,8.0,UAH,100,20.0,pcs,quantity,,
122,52,p100052,,P100052-M,Середній пакет,Средний  пакет,15.0,8.0,UAH,100,20.0,pcs,quantity,,
123,53,p100053,,P100053-S,Маленький пакет,Маленький  пакет,10.0,8.0,UAH,100,20.0,pcs,quantity,,
124,53,p100053,,P100053-L,Великий пакет,Большой  пакет,20.0,8.0,UAH,100,20.0,pcs,quantity,,
125,54,p100054,,P100054-S,Маленький пакет,Маленький  пакет,10.0,8.0,UAH,100,20.0,pcs,quantity,,
126,54,p100054,,P100054-L,Великий пакет,Большой  пакет,20.0,8.0,UAH,100,20.0,pcs,quantity,,
127,55,p100055,,P100055-S,Маленький пакет,Маленький  пакет,10.0,8.0,UAH,100,20.0,pcs,quantity,,
128,55,p100055,,P100055-L,Великий пакет,Большой  пакет,20.0,8.0,UAH,100,20.0,pcs,quantity,,
129,55,p100055,,P100055-M,Середній пакет,Средний  пакет,15.0,8.0,UAH,100,20.0,pcs,quantity,,
130,56,p100056,,P100056-S,Маленький пакет,Маленький  пакет,10.0,8.0,UAH,100,20.0,pcs,quantity,,
131,56,p100056,,P100056-L,Великий пакет,Большой  пакет,20.0,8.0,UAH,100,20.0,pcs,quantity,,
132,57,p100057,,P100057-S,Маленький пакет,Маленький  пакет,10.0,8.0,UAH,100,20.0,pcs,quantity,,
133,57,p100057,,P100057-L,Великий пакет,Большой  пакет,20.0,8.0,UAH,100,20.0,pcs,quantity,,
134,58,p100058,,P100058-S,Маленький пакет,Маленький  пакет,10.0,8.0,UAH,100,20.0,pcs,quantity,,
135,58,p100058,,P100058-L,Великий пакет,Большой  пакет,20.0,8.0,UAH,100,20.0,pcs,quantity,,
136,58,p100058,,P100058-M,Середній пакет,Средний  пакет,15.0,8.0,UAH,100,20.0,pcs,quantity,,
137,59,p100059,,P100059-S,Маленький пакет,Маленький  пакет,10.0,8.0,UAH,100,20.0,pcs,quantity,,
138,59,p100059,,P100059-L,Великий пакет,Большой  пакет,20.0,8.0,UAH,100,20.0,pcs,quantity,,
139,60,p100060,,P100060-S,Маленький пакет,Маленький  пакет,10.0,8.0,UAH,100,20.0,pcs,quantity,,
140,60,p100060,,P100060-L,Великий пакет,Большой  пакет,20.0,8.0,UAH,100,20.0,pcs,quantity,,
141,61,p100061,,P100061-S,Маленький пакет,Маленький  пакет,10.0,8.0,UAH,100,20.0,pcs,quantity,,
142,61,p100061,,P100061-L,Великий пакет,Большой  пакет,20.0,8.0,UAH,100,20.0,pcs,quantity,,
143,61,p100061,,P100061-M,Середній пакет,Средний  пакет,15.0,8.0,UAH,100,20.0,pcs,quantity,,
144,62,p100062,,P100062-S,Маленький пакет,Маленький  пакет,10.0,8.0,UAH,100,20.0,pcs,quantity,,
145,62,p100062,,P100062-L,Великий пакет,Большой  пакет,20.0,8.0,UAH,100,20.0,pcs,quantity,,
146,63,p100063,,P100063-S,Маленький пакет,Маленький  пакет,10.0,8.0,UAH,100,20.0,pcs,quantity,,
147,63,p100063,,P100063-L,Великий пакет,Большой  пакет,20.0,8.0,UAH,100,20.0,pcs,quantity,,
148,64,p100064,,P100064-S,Маленький пакет,Маленький  пакет,10.0,8.0,UAH,100,20.0,pcs,quantity,,
149,64,p100064,,P100064-L,Великий пакет,Большой  пакет,20.0,8.0,UAH,100,20.0,pcs,quantity,,
150,64,p100064,,P100064-M,Середній пакет,Средний  пакет,15.0,8.0,UAH,100,20.0,pcs,quantity,,
151,65,p100065,,P100065-S,Маленький пакет,Маленький  пакет,10.0,8.0,UAH,100,20.0,pcs,quantity,,
152,65,p100065,,P100065-L,Великий пакет,Большой  пакет,20.0,8.0,UAH,100,20.0,pcs,quantity,,
153,66,p100066,,P100066-S,Маленький пакет,Маленький  пакет,10.0,8.0,UAH,100,20.0,pcs,quantity,,
154,66,p100066,,P100066-L,Великий пакет,Большой  пакет,20.0,8.0,UAH,100,20.0,pcs,quantity,,
155,67,p100067,,P100067-S,Маленький пакет,Маленький  пакет,10.0,8.0,UAH,100,20.0,pcs,quantity,,
156,67,p100067,,P100067-L,Великий пакет,Большой  пакет,20.0,8.0,UAH,100,20.0,pcs,quantity,,
157,67,p100067,,P100067-M,Середній пакет,Средний  пакет,15.0,8.0,UAH,100,20.0,pcs,quantity,,
158,68,p100068,,P100068-S,Маленький пакет,Маленький  пакет,10.0,8.0,UAH,100,20.0,pcs,quantity,,
159,68,p100068,,P100068-L,Великий пакет,Большой  пакет,20.0,8.0,UAH,100,20.0,pcs,quantity,,
160,69,p100069,,P100069-S,Маленький пакет,Маленький  пакет,10.0,8.0,UAH,100,20.0,pcs,quantity,,
161,69,p100069,,P100069-L,Великий пакет,Большой  пакет,20.0,8.0,UAH,100,20.0,pcs,quantity,,
162,70,p100070,,P100070-S,Маленький пакет,Маленький  пакет,10.0,8.0,UAH,100,20.0,pcs,quantity,,
163,70,p100070,,P100070-L,Великий пакет,Большой  пакет,20.0,8.0,UAH,100,20.0,pcs,quantity,,
164,70,p100070,,P100070-M,Середній пакет,Средний  пакет,15.0,8.0,UAH,100,20.0,pcs,quantity,,
165,71,p100071,,P100071-S,Маленький пакет,Маленький  пакет,10.0,8.0,UAH,100,20.0,pcs,quantity,,
166,71,p100071,,P100071-L,Великий пакет,Большой  пакет,20.0,8.0,UAH,100,20.0,pcs,quantity,,
167,72,p100072,,P100072-S,Маленький пакет,Маленький  пакет,10.0,8.0,UAH,100,20.0,pcs,quantity,,
168,72,p100072,,P100072-L,Великий пакет,Большой  пакет,20.0,8.0,UAH,100,20.0,pcs,quantity,,
169,73,p100073,,P100073-S,Маленький пакет,Маленький  пакет,10.0,8.0,UAH,100,20.0,pcs,quantity,,
170,73,p100073,,P100073-L,Великий пакет,Большой  пакет,20.0,8.0,UAH,100,20.0,pcs,quantity,,
171,73,p100073,,P100073-M,Середній пакет,Средний  пакет,15.0,8.0,UAH,100,20.0,pcs,quantity,,
172,74,p100074,,P100074-S,Маленький пакет,Маленький  пакет,10.0,8.0,UAH,100,20.0,pcs,quantity,,
173,74,p100074,,P100074-L,Великий пакет,Большой  пакет,20.0,8.0,UAH,100,20.0,pcs,quantity,,
174,75,p100075,,P100075-S,Маленький пакет,Маленький  пакет,10.0,8.0,UAH,100,20.0,pcs,quantity,,
175,75,p100075,,P100075-L,Великий пакет,Большой  пакет,20.0,8.0,UAH,100,20.0,pcs,quantity,,
176,76,p100076,,P100076-S,Маленький пакет,Маленький  пакет,10.0,8.0,UAH,100,20.0,pcs,quantity,,
177,76,p100076,,P100076-L,Великий пакет,Большой  пакет,20.0,8.0,UAH,100,20.0,pcs,quantity,,
178,76,p100076,,P100076-M,Середній пакет,Средний  пакет,15.0,8.0,UAH,100,20.0,pcs,quantity,,
179,77,p100077,,P100077-S,Маленький пакет,Маленький  пакет,10.0,8.0,UAH,100,20.0,pcs,quantity,,
180,77,p100077,,P100077-L,Великий пакет,Большой  пакет,20.0,8.0,UAH,100,20.0,pcs,quantity,,
181,78,p100078,,P100078-S,Маленький пакет,Маленький  пакет,10.0,8.0,UAH,100,20.0,pcs,quantity,,
182,78,p100078,,P100078-L,Великий пакет,Большой  пакет,20.0,8.0,UAH,100,20.0,pcs,quantity,,
183,79,p100079,,P100079-S,Маленький пакет,Маленький  пакет,10.0,8.0,UAH,100,20.0,pcs,quantity,,
184,79,p100079,,P100079-L,Великий пакет,Большой  пакет,20.0,8.0,UAH,100,20.0,pcs,quantity,,
185,79,p100079,,P100079-M,Середній пакет,Средний  пакет,15.0,8.0,UAH,100,20.0,pcs,quantity,,
186,80,p100080,,P100080-S,Маленький пакет,Маленький  пакет,10.0,8.0,UAH,100,20.0,pcs,quantity,,
187,80,p100080,,P100080-L,Великий пакет,Большой  пакет,20.0,8.0,UAH,100,20.0,pcs,quantity,,
188,81,p100081,,P100081-S,Маленький пакет,Маленький  пакет,10.0,8.0,UAH,100,20.0,pcs,quantity,,
189,81,p100081,,P100081-L,Великий пакет,Большой  пакет,20.0,8.0,UAH,100,20.0,pcs,quantity,,
190,82,p100082,,P100082-S,Маленький пакет,Маленький  пакет,10.0,8.0,UAH,100,20.0,pcs,quantity,,
191,82,p100082,,P100082-L,Великий пакет,Большой  пакет,20.0,8.0,UAH,100,20.0,pcs,quantity,,
192,82,p100082,,P100082-M,Середній пакет,Средний  пакет,15.0,8.0,UAH,100,20.0,pcs,quantity,,
193,83,p100083,,P100083-S,Маленький пакет,Маленький  пакет,10.0,8.0,UAH,100,20.0,pcs,quantity,,
194,83,p100083,,P100083-L,Великий пакет,Большой  пакет,20.0,8.0,UAH,100,20.0,pcs,quantity,,
195,84,p100084,,P100084-S,Маленький пакет,Маленький  пакет,10.0,8.0,UAH,100,20.0,pcs,quantity,,
196,84,p100084,,P100084-L,Великий пакет,Большой  пакет,20.0,8.0,UAH,100,20.0,pcs,quantity,,
197,85,p100085,,P100085-S,Маленький пакет,Маленький  пакет,10.0,8.0,UAH,100,20.0,pcs,quantity,,
198,85,p100085,,P100085-L,Великий пакет,Большой  пакет,20.0,8.0,UAH,100,20.0,pcs,quantity,,
199,85,p100085,,P100085-M,Середній пакет,Средний  пакет,15.0,8.0,UAH,100,20.0,pcs,quantity,,
200,86,p100086,,P100086-S,Маленький пакет,Маленький  пакет,10.0,8.0,UAH,100,20.0,pcs,quantity,,
201,86,p100086,,P100086-L,Великий пакет,Большой  пакет,20.0,8.0,UAH,100,20.0,pcs,quantity,,
202,87,p100087,,P100087-S,Маленький пакет,Маленький  пакет,10.0,8.0,UAH,100,20.0,pcs,quantity,,
203,87,p100087,,P100087-L,Великий пакет,Большой  пакет,20.0,8.0,UAH,100,20.0,pcs,quantity,,
204,88,p100088,,P100088-S,Маленький пакет,Маленький  пакет,10.0,8.0,UAH,100,20.0,pcs,quantity,,
205,88,p100088,,P100088-L,Великий пакет,Большой  пакет,20.0,8.0,UAH,100,20.0,pcs,quantity,,
206,88,p100088,,P100088-M,Середній пакет,Средний  пакет,15.0,8.0,UAH,100,20.0,pcs,quantity,,
207,89,p100089,,P100089-S,Маленький пакет,Маленький  пакет,10.0,8.0,UAH,100,20.0,pcs,quantity,,
208,89,p100089,,P100089-L,Великий пакет,Большой  пакет,20.0,8.0,UAH,100,20.0,pcs,quantity,,
209,90,p100090,,P100090-S,Маленький пакет,Маленький  пакет,10.0,8.0,UAH,100,20.0,pcs,quantity,,
210,90,p100090,,P100090-L,Великий пакет,Большой  пакет,20.0,8.0,UAH,100,20.0,pcs,quantity,,
211,91,p100091,,P100091-S,Маленький пакет,Маленький  пакет,10.0,,UAH,100,20.0,pcs,quantity,,
212,91,p100091,,P100091-L,Великий пакет,Большой  пакет,20.0,,UAH,100,20.0,pcs,quantity,,
213,92,p100093,,P100093-S,Маленький пакет,Маленький  пакет,10.0,8.0,UAH,100,20.0,pcs,quantity,,
214,92,p100093,,P100093-L,Великий пакет,Большой  пакет,20.0,8.0,UAH,100,20.0,pcs,quantity,,
215,92,p100093,,P100093-M,Середній пакет,Средний  пакет,15.0,8.0,UAH,100,20.0,pcs,quantity,,
216,93,p100094,,P100094-S,Маленький пакет,Маленький  пакет,10.0,8.0,UAH,100,20.0,pcs,quantity,,
217,93,p100094,,P100094-L,Великий пакет,Большой  пакет,20.0,8.0,UAH,100,20.0,pcs,quantity,,
218,94,p100095,,P100095-S,Маленький пакет,Маленький  пакет,10.0,8.0,UAH,100,20.0,pcs,quantity,,
219,94,p100095,,P100095-L,Великий пакет,Большой  пакет,20.0,8.0,UAH,100,20.0,pcs,quantity,,
220,95,p100096,,P100096-S,Маленький пакет,Маленький  пакет,10.0,8.0,UAH,100,20.0,pcs,quantity,,
221,95,p100096,,P100096-L,Великий пакет,Большой  пакет,20.0,8.0,UAH,100,20.0,pcs,quantity,,
222,95,p100096,,P100096-M,Середній пакет,Средний  пакет,15.0,8.0,UAH,100,20.0,pcs,quantity,,
223,96,p100097,,P100097-S,Маленький пакет,Маленький  пакет,10.0,8.0,UAH,100,20.0,pcs,quantity,,
224,96,p100097,,P100097-L,Великий пакет,Большой  пакет,20.0,8.0,UAH,100,20.0,pcs,quantity,,
225,97,p100099,,P100099-S,Маленький пакет,Маленький  пакет,10.0,8.0,UAH,100,20.0,pcs,quantity,,
226,97,p100099,,P100099-L,Великий пакет,Большой  пакет,20.0,8.0,UAH,100,20.0,pcs,quantity,,
227,98,p330100,,P330100-S,Маленький пакет,Маленький  пакет,10.0,,UAH,100,3.0,gr,weight,,
228,98,p330100,,P330100-L,Великий пакет,Большой  пакет,20.0,,UAH,100,3.0,gr,weight,,
229,99,p110101,,P110101-S,Маленький пакет,Маленький  пакет,10.0,,UAH,100,20.0,pcs,quantity,,
230,99,p110101,,P110101-L,Великий пакет,Большой  пакет,20.0,,UAH,100,20.0,pcs,quantity,,
231,100,p110102,,P110102-S,Маленький пакет,Маленький  пакет,10.0,,UAH,100,20.0,pcs,quantity,,
232,100,p110102,,P110102-L,Великий пакет,Большой  пакет,20.0,,UAH,100,20.0,pcs,quantity,,
233,101,p110103,,P110103-S,Маленький пакет,Маленький  пакет,10.0,,UAH,100,20.0,pcs,quantity,,
234,101,p110103,,P110103-L,Великий пакет,Большой  пакет,20.0,,UAH,100,20.0,pcs,quantity,,
235,102,p110104,,P110104-S,Маленький пакет,Маленький  пакет,10.0,,UAH,100,20.0,pcs,quantity,,
236,102,p110104,,P110104-L,Великий пакет,Большой  пакет,20.0,,UAH,100,20.0,pcs,quantity,,
237,103,p110105,,P110105-S,Маленький пакет,Маленький  пакет,10.0,,UAH,100,20.0,pcs,quantity,,
238,103,p110105,,P110105-L,Великий пакет,Большой  пакет,20.0,,UAH,100,20.0,pcs,quantity,,
239,104,p110106,,P110106-S,Маленький пакет,Маленький  пакет,10.0,,UAH,100,20.0,pcs,quantity,,
240,104,p110106,,P110106-L,Великий пакет,Большой  пакет,20.0,,UAH,100,20.0,pcs,quantity,,
241,105,p110107,,P110107-S,Маленький пакет,Маленький  пакет,10.0,,UAH,100,20.0,pcs,quantity,,
242,105,p110107,,P110107-L,Великий пакет,Большой  пакет,20.0,,UAH,100,20.0,pcs,quantity,,
243,106,p110108,,P110108-S,Маленький пакет,Маленький  пакет,10.0,,UAH,100,20.0,pcs,quantity,,
244,106,p110108,,P110108-L,Великий пакет,Большой  пакет,20.0,,UAH,100,20.0,pcs,quantity,,
245,107,p110109,,P110109-S,Маленький пакет,Маленький  пакет,10.0,,UAH,100,20.0,pcs,quantity,,
246,107,p110109,,P110109-L,Великий пакет,Большой  пакет,20.0,,UAH,100,20.0,pcs,quantity,,
247,108,p110110,,P110110-S,Маленький пакет,Маленький  пакет,10.0,,UAH,100,20.0,pcs,quantity,,
248,108,p110110,,P110110-L,Великий пакет,Большой  пакет,20.0,,UAH,100,20.0,pcs,quantity,,
249,109,p110111,,P110111-S,Маленький пакет,Маленький  пакет,10.0,,UAH,100,20.0,pcs,quantity,,
250,109,p110111,,P110111-L,Великий пакет,Большой  пакет,20.0,,UAH,100,20.0,pcs,quantity,,
251,110,p110112,,P110112-S,Маленький пакет,Маленький  пакет,10.0,,UAH,100,20.0,pcs,quantity,,
252,110,p110112,,P110112-L,Великий пакет,Большой  пакет,20.0,,UAH,100,20.0,pcs,quantity,,
253,111,p110113,,P110113-S,Маленький пакет,Маленький  пакет,10.0,,UAH,100,20.0,pcs,quantity,,
254,111,p110113,,P110113-L,Великий пакет,Большой  пакет,20.0,,UAH,100,20.0,pcs,quantity,,
255,112,p110114,,P110114-S,Маленький пакет,Маленький  пакет,10.0,,UAH,100,20.0,pcs,quantity,,
256,112,p110114,,P110114-L,Великий пакет,Большой  пакет,20.0,,UAH,100,20.0,pcs,quantity,,
257,113,p110115,,P110115-S,Маленький пакет,Маленький  пакет,10.0,,UAH,100,20.0,pcs,quantity,,
258,113,p110115,,P110115-L,Великий пакет,Большой  пакет,20.0,,UAH,100,20.0,pcs,quantity,,
259,114,p110116,,P110116-S,Маленький пакет,Маленький  пакет,10.0,,UAH,100,20.0,pcs,quantity,,
260,114,p110116,,P110116-L,Великий пакет,Большой  пакет,20.0,,UAH,100,20.0,pcs,quantity,,
261,115,p110117,,P110117-S,Маленький пакет,Маленький  пакет,10.0,,UAH,100,20.0,pcs,quantity,,
262,115,p110117,,P110117-L,Великий пакет,Большой  пакет,20.0,,UAH,100,20.0,pcs,quantity,,
263,116,p110118,,P110118-S,Маленький пакет,Маленький  пакет,10.0,,UAH,100,20.0,pcs,quantity,,
264,116,p110118,,P110118-L,Великий пакет,Большой  пакет,20.0,,UAH,100,20.0,pcs,quantity,,
265,117,p110119,,P110119-S,Маленький пакет,Маленький  пакет,10.0,,UAH,100,20.0,pcs,quantity,,
266,117,p110119,,P110119-L,Великий пакет,Большой  пакет,20.0,,UAH,100,20.0,pcs,quantity,,
267,118,p110120,,P110120-S,Маленький пакет,Маленький  пакет,10.0,,UAH,100,20.0,pcs,quantity,,
268,118,p110120,,P110120-L,Великий пакет,Большой  пакет,20.0,,UAH,100,20.0,pcs,quantity,,
269,119,p110121,,P110121-S,Маленький пакет,Маленький  пакет,10.0,,UAH,100,20.0,pcs,quantity,,
270,119,p110121,,P110121-L,Великий пакет,Большой  пакет,20.0,,UAH,100,20.0,pcs,quantity,,
271,120,p110122,,P110122-S,Маленький пакет,Маленький  пакет,10.0,,UAH,100,20.0,pcs,quantity,,
272,120,p110122,,P110122-L,Великий пакет,Большой  пакет,20.0,,UAH,100,20.0,pcs,quantity,,
273,121,p110123,,P110123-S,Маленький пакет,Маленький  пакет,10.0,,UAH,100,20.0,pcs,quantity,,
274,121,p110123,,P110123-L,Великий пакет,Большой  пакет,20.0,,UAH,100,20.0,pcs,quantity,,
275,122,p110124,,P110124-S,Маленький пакет,Маленький  пакет,10.0,,UAH,100,20.0,pcs,quantity,,
276,122,p110124,,P110124-L,Великий пакет,Большой  пакет,20.0,,UAH,100,20.0,pcs,quantity,,
277,123,p110125,,P110125-S,Маленький пакет,Маленький  пакет,10.0,,UAH,100,20.0,pcs,quantity,,
278,123,p110125,,P110125-L,Великий пакет,Большой  пакет,20.0,,UAH,100,20.0,pcs,quantity,,
279,124,p110126,,P110126-S,Маленький пакет,Маленький  пакет,10.0,,UAH,100,20.0,pcs,quantity,,
280,124,p110126,,P110126-L,Великий пакет,Большой  пакет,20.0,,UAH,100,20.0,pcs,quantity,,
281,125,p110127,,P110127-S,Маленький пакет,Маленький  пакет,10.0,,UAH,100,20.0,pcs,quantity,,
282,125,p110127,,P110127-L,Великий пакет,Большой  пакет,20.0,,UAH,100,20.0,pcs,quantity,,
283,126,p110128,,P110128-S,Маленький пакет,Маленький  пакет,10.0,,UAH,100,20.0,pcs,quantity,,
284,126,p110128,,P110128-L,Великий пакет,Большой  пакет,20.0,,UAH,100,20.0,pcs,quantity,,
285,127,p110129,,P110129-S,Маленький пакет,Маленький  пакет,10.0,,UAH,100,20.0,pcs,quantity,,
286,127,p110129,,P110129-L,Великий пакет,Большой  пакет,20.0,,UAH,100,20.0,pcs,quantity,,
287,128,p110130,,P110130-S,Маленький пакет,Маленький  пакет,10.0,,UAH,100,20.0,pcs,quantity,,
288,128,p110130,,P110130-L,Великий пакет,Большой  пакет,20.0,,UAH,100,20.0,pcs,quantity,,
289,129,p110131,,P110131-S,Маленький пакет,Маленький  пакет,10.0,,UAH,100,20.0,pcs,quantity,,
290,129,p110131,,P110131-L,Великий пакет,Большой  пакет,20.0,,UAH,100,20.0,pcs,quantity,,
291,130,p110133,,P110133-S,Маленький пакет,Маленький  пакет,10.0,,UAH,100,20.0,pcs,quantity,,
292,130,p110133,,P110133-L,Великий пакет,Большой  пакет,20.0,,UAH,100,20.0,pcs,quantity,,
293,131,p110134,,P110134-S,Маленький пакет,Маленький  пакет,10.0,,UAH,100,20.0,pcs,quantity,,
294,131,p110134,,P110134-L,Великий пакет,Большой  пакет,20.0,,UAH,100,20.0,pcs,quantity,,
295,132,p110135,,P110135-S,Маленький пакет,Маленький  пакет,10.0,,UAH,100,20.0,pcs,quantity,,
296,132,p110135,,P110135-L,Великий пакет,Большой  пакет,20.0,,UAH,100,20.0,pcs,quantity,,
297,133,p110136,,P110136-S,Маленький пакет,Маленький  пакет,10.0,,UAH,100,20.0,pcs,quantity,,
298,133,p110136,,P110136-L,Великий пакет,Большой  пакет,20.0,,UAH,100,20.0,pcs,quantity,,
299,134,p110137,,P110137-S,Маленький пакет,Маленький  пакет,10.0,,UAH,100,20.0,pcs,quantity,,
300,134,p110137,,P110137-L,Великий пакет,Большой  пакет,20.0,,UAH,100,20.0,pcs,quantity,,
301,135,p110138,,P110138-S,Маленький пакет,Маленький  пакет,10.0,,UAH,100,20.0,pcs,quantity,,
302,135,p110138,,P110138-L,Великий пакет,Большой  пакет,20.0,,UAH,100,20.0,pcs,quantity,,
303,136,p110139,,P110139-S,Маленький пакет,Маленький  пакет,10.0,,UAH,100,20.0,pcs,quantity,,
304,136,p110139,,P110139-L,Великий пакет,Большой  пакет,20.0,,UAH,100,20.0,pcs,quantity,,
305,137,p110140,,P110140-S,Маленький пакет,Маленький  пакет,10.0,,UAH,100,20.0,pcs,quantity,,
306,137,p110140,,P110140-L,Великий пакет,Большой  пакет,20.0,,UAH,100,20.0,pcs,quantity,,
307,138,p110141,,P110141-S,Маленький пакет,Маленький  пакет,10.0,,UAH,100,20.0,pcs,quantity,,
308,138,p110141,,P110141-L,Великий пакет,Большой  пакет,20.0,,UAH,100,20.0,pcs,quantity,,
309,139,p110142,,P110142-S,Маленький пакет,Маленький  пакет,10.0,,UAH,100,20.0,pcs,quantity,,
310,139,p110142,,P110142-L,Великий пакет,Большой  пакет,20.0,,UAH,100,20.0,pcs,quantity,,
311,140,p110143,,P110143-S,Маленький пакет,Маленький  пакет,10.0,,UAH,100,20.0,pcs,quantity,,
312,140,p110143,,P110143-L,Великий пакет,Большой  пакет,20.0,,UAH,100,20.0,pcs,quantity,,
313,141,p110144,,P110144-S,Маленький пакет,Маленький  пакет,10.0,,UAH,100,20.0,pcs,quantity,,
314,141,p110144,,P110144-L,Великий пакет,Большой  пакет,20.0,,UAH,100,20.0,pcs,quantity,,
315,142,p110145,,P110145-S,Маленький пакет,Маленький  пакет,10.0,,UAH,100,20.0,pcs,quantity,,
316,142,p110145,,P110145-L,Великий пакет,Большой  пакет,20.0,,UAH,100,20.0,pcs,quantity,,
317,143,p110146,,P110146-S,Маленький пакет,Маленький  пакет,10.0,,UAH,100,20.0,pcs,quantity,,
318,143,p110146,,P110146-L,Великий пакет,Большой  пакет,20.0,,UAH,100,20.0,pcs,quantity,,
319,144,p110147,,P110147-S,Маленький пакет,Маленький  пакет,10.0,,UAH,100,20.0,pcs,quantity,,
320,144,p110147,,P110147-L,Великий пакет,Большой  пакет,20.0,,UAH,100,20.0,pcs,quantity,,
321,145,p110148,,P110148-S,Маленький пакет,Маленький  пакет,10.0,,UAH,100,20.0,pcs,quantity,,
322,145,p110148,,P110148-L,Великий пакет,Большой  пакет,20.0,,UAH,100,20.0,pcs,quantity,,
323,146,p110149,,P110149-S,Маленький пакет,Маленький  пакет,10.0,,UAH,100,20.0,pcs,quantity,,
324,146,p110149,,P110149-L,Великий пакет,Большой  пакет,20.0,,UAH,100,20.0,pcs,quantity,,
325,147,p110150,,P110150-S,Маленький пакет,Маленький  пакет,10.0,,UAH,100,20.0,pcs,quantity,,
326,147,p110150,,P110150-L,Великий пакет,Большой  пакет,20.0,,UAH,100,20.0,pcs,quantity,,
327,148,p110151,,P110151-S,Маленький пакет,Маленький  пакет,10.0,,UAH,100,20.0,pcs,quantity,,
328,148,p110151,,P110151-L,Великий пакет,Большой  пакет,20.0,,UAH,100,20.0,pcs,quantity,,
329,149,p110152,,P110152-S,Маленький пакет,Маленький  пакет,10.0,,UAH,100,20.0,pcs,quantity,,
330,149,p110152,,P110152-L,Великий пакет,Большой  пакет,20.0,,UAH,100,20.0,pcs,quantity,,
331,150,p110153,,P110153-S,Маленький пакет,Маленький  пакет,10.0,,UAH,100,20.0,pcs,quantity,,
332,150,p110153,,P110153-L,Великий пакет,Большой  пакет,20.0,,UAH,100,20.0,pcs,quantity,,
333,151,p110154,,P110154-S,Маленький пакет,Маленький  пакет,10.0,,UAH,100,20.0,pcs,quantity,,
334,151,p110154,,P110154-L,Великий пакет,Большой  пакет,20.0,,UAH,100,20.0,pcs,quantity,,
335,152,p110155,,P110155-S,Маленький пакет,Маленький  пакет,10.0,,UAH,100,20.0,pcs,quantity,,
336,152,p110155,,P110155-L,Великий пакет,Большой  пакет,20.0,,UAH,100,20.0,pcs,quantity,,
337,153,p110156,,P110156-S,Маленький пакет,Маленький  пакет,10.0,,UAH,100,20.0,pcs,quantity,,
338,153,p110156,,P110156-L,Великий пакет,Большой  пакет,20.0,,UAH,100,20.0,pcs,quantity,,
339,154,p110157,,P110157-S,Маленький пакет,Маленький  пакет,10.0,,UAH,100,20.0,pcs,quantity,,
340,154,p110157,,P110157-L,Великий пакет,Большой  пакет,20.0,,UAH,100,20.0,pcs,quantity,,
341,155,p110158,,P110158-S,Маленький пакет,Маленький  пакет,10.0,,UAH,100,20.0,pcs,quantity,,
342,155,p110158,,P110158-L,Великий пакет,Большой  пакет,20.0,,UAH,100,20.0,pcs,quantity,,
343,156,p110159,,P110159-S,Маленький пакет,Маленький  пакет,10.0,,UAH,100,20.0,pcs,quantity,,
344,156,p110159,,P110159-L,Великий пакет,Большой  пакет,20.0,,UAH,100,20.0,pcs,quantity,,
345,157,p110160,,P110160-S,Маленький пакет,Маленький  пакет,10.0,,UAH,100,20.0,pcs,quantity,,
346,157,p110160,,P110160-L,Великий пакет,Большой  пакет,20.0,,UAH,100,20.0,pcs,quantity,,
347,158,p110161,,P110161-S,Маленький пакет,Маленький  пакет,10.0,,UAH,100,20.0,pcs,quantity,,
348,158,p110161,,P110161-L,Великий пакет,Большой  пакет,20.0,,UAH,100,20.0,pcs,quantity,,
349,159,p110162,,P110162-S,Маленький пакет,Маленький  пакет,10.0,,UAH,100,20.0,pcs,quantity,,
350,159,p110162,,P110162-L,Великий пакет,Большой  пакет,20.0,,UAH,100,20.0,pcs,quantity,,
351,160,p110163,,P110163-S,Маленький пакет,Маленький  пакет,10.0,,UAH,100,20.0,pcs,quantity,,
352,160,p110163,,P110163-L,Великий пакет,Большой  пакет,20.0,,UAH,100,20.0,pcs,quantity,,
353,161,p110164,,P110164-S,Маленький пакет,Маленький  пакет,10.0,,UAH,100,20.0,pcs,quantity,,
354,161,p110164,,P110164-L,Великий пакет,Большой  пакет,20.0,,UAH,100,20.0,pcs,quantity,,
355,162,p110165,,P110165-S,Маленький пакет,Маленький  пакет,10.0,,UAH,100,20.0,pcs,quantity,,
356,162,p110165,,P110165-L,Великий пакет,Большой  пакет,20.0,,UAH,100,20.0,pcs,quantity,,
357,163,p110166,,P110166-S,Маленький пакет,Маленький  пакет,10.0,,UAH,100,20.0,pcs,quantity,,
358,163,p110166,,P110166-L,Великий пакет,Большой  пакет,20.0,,UAH,100,20.0,pcs,quantity,,
359,164,p110167,,P110167-S,Маленький пакет,Маленький  пакет,10.0,,UAH,100,20.0,pcs,quantity,,
360,164,p110167,,P110167-L,Великий пакет,Большой  пакет,20.0,,UAH,100,20.0,pcs,quantity,,
361,165,p110168,,P110168-S,Маленький пакет,Маленький  пакет,10.0,,UAH,100,20.0,pcs,quantity,,
362,165,p110168,,P110168-L,Великий пакет,Большой  пакет,20.0,,UAH,100,20.0,pcs,quantity,,
363,166,p110169,,P110169-S,Маленький пакет,Маленький  пакет,10.0,,UAH,100,20.0,pcs,quantity,,
364,166,p110169,,P110169-L,Великий пакет,Большой  пакет,20.0,,UAH,100,20.0,pcs,quantity,,
365,167,p110170,,P110170-S,Маленький пакет,Маленький  пакет,10.0,,UAH,100,20.0,pcs,quantity,,
366,167,p110170,,P110170-L,Великий пакет,Большой  пакет,20.0,,UAH,100,20.0,pcs,quantity,,
367,168,p110171,,P110171-S,Маленький пакет,Маленький  пакет,10.0,,UAH,100,20.0,pcs,quantity,,
368,168,p110171,,P110171-L,Великий пакет,Большой  пакет,20.0,,UAH,100,20.0,pcs,quantity,,
369,169,p110172,,P110172-S,Маленький пакет,Маленький  пакет,10.0,,UAH,100,20.0,pcs,quantity,,
370,169,p110172,,P110172-L,Великий пакет,Большой  пакет,20.0,,UAH,100,20.0,pcs,quantity,,
371,170,p110173,,P110173-S,Маленький пакет,Маленький  пакет,10.0,,UAH,100,20.0,pcs,quantity,,
372,170,p110173,,P110173-L,Великий пакет,Большой  пакет,20.0,,UAH,100,20.0,pcs,quantity,,
373,171,p110174,,P110174-S,Маленький пакет,Маленький  пакет,10.0,,UAH,100,20.0,pcs,quantity,,
374,171,p110174,,P110174-L,Великий пакет,Большой  пакет,20.0,,UAH,100,20.0,pcs,quantity,,
375,172,p110175,,P110175-S,Маленький пакет,Маленький  пакет,10.0,,UAH,100,20.0,pcs,quantity,,
376,172,p110175,,P110175-L,Великий пакет,Большой  пакет,20.0,,UAH,100,20.0,pcs,quantity,,
377,173,p110176,,P110176-S,Маленький пакет,Маленький  пакет,10.0,,UAH,100,20.0,pcs,quantity,,
378,173,p110176,,P110176-L,Великий пакет,Большой  пакет,20.0,,UAH,100,20.0,pcs,quantity,,
379,174,p110177,,P110177-S,Маленький пакет,Маленький  пакет,10.0,,UAH,100,20.0,pcs,quantity,,
380,174,p110177,,P110177-L,Великий пакет,Большой  пакет,20.0,,UAH,100,20.0,pcs,quantity,,
381,175,p110178,,P110178-S,Маленький пакет,Маленький  пакет,10.0,,UAH,100,20.0,pcs,quantity,,
382,175,p110178,,P110178-L,Великий пакет,Большой  пакет,20.0,,UAH,100,20.0,pcs,quantity,,
383,176,p110179,,P110179-S,Маленький пакет,Маленький  пакет,10.0,,UAH,100,20.0,pcs,quantity,,
384,176,p110179,,P110179-L,Великий пакет,Большой  пакет,20.0,,UAH,100,20.0,pcs,quantity,,
385,177,p110180,,P110180-S,Маленький пакет,Маленький  пакет,10.0,,UAH,100,20.0,pcs,quantity,,
386,177,p110180,,P110180-L,Великий пакет,Большой  пакет,20.0,,UAH,100,20.0,pcs,quantity,,
387,178,p110181,,P110181-S,Маленький пакет,Маленький  пакет,10.0,,UAH,100,20.0,pcs,quantity,,
388,178,p110181,,P110181-L,Великий пакет,Большой  пакет,20.0,,UAH,100,20.0,pcs,quantity,,
389,179,p110182,,P110182-S,Маленький пакет,Маленький  пакет,10.0,,UAH,100,20.0,pcs,quantity,,
390,179,p110182,,P110182-L,Великий пакет,Большой  пакет,20.0,,UAH,100,20.0,pcs,quantity,,
391,180,p110183,,P110183-S,Маленький пакет,Маленький  пакет,10.0,,UAH,100,20.0,pcs,quantity,,
392,180,p110183,,P110183-L,Великий пакет,Большой  пакет,20.0,,UAH,100,20.0,pcs,quantity,,
393,181,p110184,,P110184-S,Маленький пакет,Маленький  пакет,10.0,,UAH,100,20.0,pcs,quantity,,
394,181,p110184,,P110184-L,Великий пакет,Большой  пакет,20.0,,UAH,100,20.0,pcs,quantity,,
395,182,p110185,,P110185-S,Маленький пакет,Маленький  пакет,10.0,,UAH,100,20.0,pcs,quantity,,
396,182,p110185,,P110185-L,Великий пакет,Большой  пакет,20.0,,UAH,100,20.0,pcs,quantity,,
397,183,p110186,,P110186-S,Маленький пакет,Маленький  пакет,10.0,,UAH,100,20.0,pcs,quantity,,
398,183,p110186,,P110186-L,Великий пакет,Большой  пакет,20.0,,UAH,100,20.0,pcs,quantity,,
399,184,p110187,,P110187-S,Маленький пакет,Маленький  пакет,10.0,,UAH,100,20.0,pcs,quantity,,
400,184,p110187,,P110187-L,Великий пакет,Большой  пакет,20.0,,UAH,100,20.0,pcs,quantity,,
401,185,p110188,,P110188-S,Маленький пакет,Маленький  пакет,10.0,,UAH,100,20.0,pcs,quantity,,
402,185,p110188,,P110188-L,Великий пакет,Большой  пакет,20.0,,UAH,100,20.0,pcs,quantity,,
403,186,p110189,,P110189-S,Маленький пакет,Маленький  пакет,10.0,,UAH,100,20.0,pcs,quantity,,
404,186,p110189,,P110189-L,Великий пакет,Большой  пакет,20.0,,UAH,100,20.0,pcs,quantity,,
405,187,p110190,,P110190-S,Маленький пакет,Маленький  пакет,10.0,,UAH,100,20.0,pcs,quantity,,
406,187,p110190,,P110190-L,Великий пакет,Большой  пакет,20.0,,UAH,100,20.0,pcs,quantity,,
407,188,p110191,,P110191-S,Маленький пакет,Маленький  пакет,10.0,,UAH,100,20.0,pcs,quantity,,
408,188,p110191,,P110191-L,Великий пакет,Большой  пакет,20.0,,UAH,100,20.0,pcs,quantity,,
409,189,p110192,,P110192-S,Маленький пакет,Маленький  пакет,10.0,,UAH,100,20.0,pcs,quantity,,
410,189,p110192,,P110192-L,Великий пакет,Большой  пакет,20.0,,UAH,100,20.0,pcs,quantity,,
411,190,p110193,,P110193-S,Маленький пакет,Маленький  пакет,10.0,,UAH,100,20.0,pcs,quantity,,
412,190,p110193,,P110193-L,Великий пакет,Большой  пакет,20.0,,UAH,100,20.0,pcs,quantity,,
413,191,p110194,,P110194-S,Маленький пакет,Маленький  пакет,10.0,,UAH,100,20.0,pcs,quantity,,
414,191,p110194,,P110194-L,Великий пакет,Большой  пакет,20.0,,UAH,100,20.0,pcs,quantity,,
415,192,p110195,,P110195-S,Маленький пакет,Маленький  пакет,10.0,,UAH,100,20.0,pcs,quantity,,
416,192,p110195,,P110195-L,Великий пакет,Большой  пакет,20.0,,UAH,100,20.0,pcs,quantity,,
417,193,p110196,,P110196-S,Маленький пакет,Маленький  пакет,10.0,,UAH,100,20.0,pcs,quantity,,
418,193,p110196,,P110196-L,Великий пакет,Большой  пакет,20.0,,UAH,100,20.0,pcs,quantity,,
419,194,p110197,,P110197-S,Маленький пакет,Маленький  пакет,10.0,,UAH,100,20.0,pcs,quantity,,
420,194,p110197,,P110197-L,Великий пакет,Большой  пакет,20.0,,UAH,100,20.0,pcs,quantity,,
421,195,p110198,,P110198-S,Маленький пакет,Маленький  пакет,10.0,,UAH,100,20.0,pcs,quantity,,
422,195,p110198,,P110198-L,Великий пакет,Большой  пакет,20.0,,UAH,100,20.0,pcs,quantity,,
423,196,p110199,,P110199-S,Маленький пакет,Маленький  пакет,10.0,,UAH,100,20.0,pcs,quantity,,
424,196,p110199,,P110199-L,Великий пакет,Большой  пакет,20.0,,UAH,100,20.0,pcs,quantity,,
425,197,p110200,,P110200-S,Маленький пакет,Маленький  пакет,10.0,,UAH,100,20.0,pcs,quantity,,
426,197,p110200,,P110200-L,Великий пакет,Большой  пакет,20.0,,UAH,100,20.0,pcs,quantity,,
427,198,p120201,,P120201-S,Маленький пакет,Маленький  пакет,10.0,,UAH,100,20.0,pcs,quantity,,
428,198,p120201,,P120201-L,Великий пакет,Большой  пакет,20.0,,UAH,100,20.0,pcs,quantity,,
429,199,p120202,,P120202-S,Маленький пакет,Маленький  пакет,10.0,,UAH,100,20.0,pcs,quantity,,
430,199,p120202,,P120202-L,Великий пакет,Большой  пакет,20.0,,UAH,100,20.0,pcs,quantity,,
431,200,p120203,,P120203-S,Маленький пакет,Маленький  пакет,10.0,,UAH,100,20.0,pcs,quantity,,
432,200,p120203,,P120203-L,Великий пакет,Большой  пакет,20.0,,UAH,100,20.0,pcs,quantity,,
433,201,p120204,,P120204-S,Маленький пакет,Маленький  пакет,10.0,,UAH,100,20.0,pcs,quantity,,
434,201,p120204,,P120204-L,Великий пакет,Большой  пакет,20.0,,UAH,100,20.0,pcs,quantity,,
435,202,p120205,,P120205-S,Маленький пакет,Маленький  пакет,10.0,,UAH,100,20.0,pcs,quantity,,
436,202,p120205,,P120205-L,Великий пакет,Большой  пакет,20.0,,UAH,100,20.0,pcs,quantity,,
437,203,p120206,,P120206-S,Маленький пакет,Маленький  пакет,10.0,,UAH,100,20.0,pcs,quantity,,
438,203,p120206,,P120206-L,Великий пакет,Большой  пакет,20.0,,UAH,100,20.0,pcs,quantity,,
439,204,p120207,,P120207-S,Маленький пакет,Маленький  пакет,10.0,,UAH,100,20.0,pcs,quantity,,
440,204,p120207,,P120207-L,Великий пакет,Большой  пакет,20.0,,UAH,100,20.0,pcs,quantity,,
441,205,p120208,,P120208-S,Маленький пакет,Маленький  пакет,10.0,,UAH,100,20.0,pcs,quantity,,
442,205,p120208,,P120208-L,Великий пакет,Большой  пакет,20.0,,UAH,100,20.0,pcs,quantity,,
443,206,p120209,,P120209-S,Маленький пакет,Маленький  пакет,10.0,,UAH,100,20.0,pcs,quantity,,
444,206,p120209,,P120209-L,Великий пакет,Большой  пакет,20.0,,UAH,100,20.0,pcs,quantity,,
445,207,p120210,,P120210-S,Маленький пакет,Маленький  пакет,10.0,,UAH,100,20.0,pcs,quantity,,
446,207,p120210,,P120210-L,Великий пакет,Большой  пакет,20.0,,UAH,100,20.0,pcs,quantity,,
447,208,p120211,,P120211-S,Маленький пакет,Маленький  пакет,10.0,,UAH,100,20.0,pcs,quantity,,
448,208,p120211,,P120211-L,Великий пакет,Большой  пакет,20.0,,UAH,100,20.0,pcs,quantity,,
449,209,p120212,,P120212-S,Маленький пакет,Маленький  пакет,10.0,,UAH,100,20.0,pcs,quantity,,
450,209,p120212,,P120212-L,Великий пакет,Большой  пакет,20.0,,UAH,100,20.0,pcs,quantity,,
451,210,p120213,,P120213-S,Маленький пакет,Маленький  пакет,10.0,,UAH,100,20.0,pcs,quantity,,
452,210,p120213,,P120213-L,Великий пакет,Большой  пакет,20.0,,UAH,100,20.0,pcs,quantity,,
453,211,p120214,,P120214-S,Маленький пакет,Маленький  пакет,10.0,,UAH,100,20.0,pcs,quantity,,
454,211,p120214,,P120214-L,Великий пакет,Большой  пакет,20.0,,UAH,100,20.0,pcs,quantity,,
455,212,p120215,,P120215-S,Маленький пакет,Маленький  пакет,10.0,,UAH,100,20.0,pcs,quantity,,
456,212,p120215,,P120215-L,Великий пакет,Большой  пакет,20.0,,UAH,100,20.0,pcs,quantity,,
457,213,p120216,,P120216-S,Маленький пакет,Маленький  пакет,10.0,,UAH,100,20.0,pcs,quantity,,
458,213,p120216,,P120216-L,Великий пакет,Большой  пакет,20.0,,UAH,100,20.0,pcs,quantity,,
459,214,p120217,,P120217-S,Маленький пакет,Маленький  пакет,10.0,,UAH,100,20.0,pcs,quantity,,
460,214,p120217,,P120217-L,Великий пакет,Большой  пакет,20.0,,UAH,100,20.0,pcs,quantity,,
461,215,p120218,,P120218-S,Маленький пакет,Маленький  пакет,10.0,,UAH,100,20.0,pcs,quantity,,
462,215,p120218,,P120218-L,Великий пакет,Большой  пакет,20.0,,UAH,100,20.0,pcs,quantity,,
463,216,p120219,,P120219-S,Маленький пакет,Маленький  пакет,10.0,,UAH,100,20.0,pcs,quantity,,
464,216,p120219,,P120219-L,Великий пакет,Большой  пакет,20.0,,UAH,100,20.0,pcs,quantity,,
465,217,p120220,,P120220-S,Маленький пакет,Маленький  пакет,10.0,,UAH,100,20.0,pcs,quantity,,
466,217,p120220,,P120220-L,Великий пакет,Большой  пакет,20.0,,UAH,100,20.0,pcs,quantity,,
467,218,p120221,,P120221-S,Маленький пакет,Маленький  пакет,10.0,,UAH,100,20.0,pcs,quantity,,
468,218,p120221,,P120221-L,Великий пакет,Большой  пакет,20.0,,UAH,100,20.0,pcs,quantity,,
469,219,p120222,,P120222-S,Маленький пакет,Маленький  пакет,10.0,,UAH,100,20.0,pcs,quantity,,
470,219,p120222,,P120222-L,Великий пакет,Большой  пакет,20.0,,UAH,100,20.0,pcs,quantity,,
471,220,p120223,,P120223-S,Маленький пакет,Маленький  пакет,10.0,,UAH,100,20.0,pcs,quantity,,
472,220,p120223,,P120223-L,Великий пакет,Большой  пакет,20.0,,UAH,100,20.0,pcs,quantity,,
473,221,p120224,,P120224-S,Маленький пакет,Маленький  пакет,10.0,,UAH,100,20.0,pcs,quantity,,
474,221,p120224,,P120224-L,Великий пакет,Большой  пакет,20.0,,UAH,100,20.0,pcs,quantity,,
475,222,p120225,,P120225-S,Маленький пакет,Маленький  пакет,10.0,,UAH,100,20.0,pcs,quantity,,
476,222,p120225,,P120225-L,Великий пакет,Большой  пакет,20.0,,UAH,100,20.0,pcs,quantity,,
477,223,p120226,,P120226-S,Маленький пакет,Маленький  пакет,10.0,,UAH,100,20.0,pcs,quantity,,
478,223,p120226,,P120226-L,Великий пакет,Большой  пакет,20.0,,UAH,100,20.0,pcs,quantity,,
479,224,p120227,,P120227-S,Маленький пакет,Маленький  пакет,10.0,,UAH,100,20.0,pcs,quantity,,
480,224,p120227,,P120227-L,Великий пакет,Большой  пакет,20.0,,UAH,100,20.0,pcs,quantity,,
481,225,p120228,,P120228-S,Маленький пакет,Маленький  пакет,10.0,,UAH,100,20.0,pcs,quantity,,
482,225,p120228,,P120228-L,Великий пакет,Большой  пакет,20.0,,UAH,100,20.0,pcs,quantity,,
483,226,p120229,,P120229-S,Маленький пакет,Маленький  пакет,10.0,,UAH,100,20.0,pcs,quantity,,
484,226,p120229,,P120229-L,Великий пакет,Большой  пакет,20.0,,UAH,100,20.0,pcs,quantity,,
485,227,p120230,,P120230-S,Маленький пакет,Маленький  пакет,10.0,,UAH,100,20.0,pcs,quantity,,
486,227,p120230,,P120230-L,Великий пакет,Большой  пакет,20.0,,UAH,100,20.0,pcs,quantity,,
487,228,p120231,,P120231-S,Маленький пакет,Маленький  пакет,10.0,,UAH,100,20.0,pcs,quantity,,
488,228,p120231,,P120231-L,Великий пакет,Большой  пакет,20.0,,UAH,100,20.0,pcs,quantity,,
489,229,p120232,,P120232-S,Маленький пакет,Маленький  пакет,10.0,,UAH,100,20.0,pcs,quantity,,
490,229,p120232,,P120232-L,Великий пакет,Большой  пакет,20.0,,UAH,100,20.0,pcs,quantity,,
491,230,p120233,,P120233-S,Маленький пакет,Маленький  пакет,10.0,,UAH,100,20.0,pcs,quantity,,
492,230,p120233,,P120233-L,Великий пакет,Большой  пакет,20.0,,UAH,100,20.0,pcs,quantity,,
493,231,p120234,,P120234-S,Маленький пакет,Маленький  пакет,10.0,,UAH,100,20.0,pcs,quantity,,
494,231,p120234,,P120234-L,Великий пакет,Большой  пакет,20.0,,UAH,100,20.0,pcs,quantity,,
495,232,p120235,,P120235-S,Маленький пакет,Маленький  пакет,10.0,,UAH,100,20.0,pcs,quantity,,
496,232,p120235,,P120235-L,Великий пакет,Большой  пакет,20.0,,UAH,100,20.0,pcs,quantity,,
497,233,p120236,,P120236-S,Маленький пакет,Маленький  пакет,10.0,,UAH,100,20.0,pcs,quantity,,
498,233,p120236,,P120236-L,Великий пакет,Большой  пакет,20.0,,UAH,100,20.0,pcs,quantity,,
499,234,p120237,,P120237-S,Маленький пакет,Маленький  пакет,10.0,,UAH,100,20.0,pcs,quantity,,
500,234,p120237,,P120237-L,Великий пакет,Большой  пакет,20.0,,UAH,100,20.0,pcs,quantity,,
501,235,p120238,,P120238-S,Маленький пакет,Маленький  пакет,10.0,,UAH,100,20.0,pcs,quantity,,
502,235,p120238,,P120238-L,Великий пакет,Большой  пакет,20.0,,UAH,100,20.0,pcs,quantity,,
503,236,p120239,,P120239-S,Маленький пакет,Маленький  пакет,10.0,,UAH,100,20.0,pcs,quantity,,
504,236,p120239,,P120239-L,Великий пакет,Большой  пакет,20.0,,UAH,100,20.0,pcs,quantity,,
505,237,p120240,,P120240-S,Маленький пакет,Маленький  пакет,10.0,,UAH,100,20.0,pcs,quantity,,
506,237,p120240,,P120240-L,Великий пакет,Большой  пакет,20.0,,UAH,100,20.0,pcs,quantity,,
507,238,p130241,,P130241-S,Маленький пакет,Маленький  пакет,10.0,,UAH,100,20.0,pcs,quantity,,
508,238,p130241,,P130241-L,Великий пакет,Большой  пакет,20.0,,UAH,100,20.0,pcs,quantity,,
509,239,p130242,,P130242-S,Маленький пакет,Маленький  пакет,10.0,,UAH,100,20.0,pcs,quantity,,
510,239,p130242,,P130242-L,Великий пакет,Большой  пакет,20.0,,UAH,100,20.0,pcs,quantity,,
511,240,p130243,,P130243-S,Маленький пакет,Маленький  пакет,10.0,,UAH,100,20.0,pcs,quantity,,
512,240,p130243,,P130243-L,Великий пакет,Большой  пакет,20.0,,UAH,100,20.0,pcs,quantity,,
513,241,p130244,,P130244-S,Маленький пакет,Маленький  пакет,10.0,,UAH,100,20.0,pcs,quantity,,
514,241,p130244,,P130244-L,Великий пакет,Большой  пакет,20.0,,UAH,100,20.0,pcs,quantity,,
515,242,p130245,,P130245-S,Маленький пакет,Маленький  пакет,10.0,,UAH,100,20.0,pcs,quantity,,
516,242,p130245,,P130245-L,Великий пакет,Большой  пакет,20.0,,UAH,100,20.0,pcs,quantity,,
517,243,p130246,,P130246-S,Маленький пакет,Маленький  пакет,10.0,,UAH,100,20.0,pcs,quantity,,
518,243,p130246,,P130246-L,Великий пакет,Большой  пакет,20.0,,UAH,100,20.0,pcs,quantity,,
519,244,p130248,,P130248-S,Маленький пакет,Маленький  пакет,10.0,,UAH,100,20.0,pcs,quantity,,
520,244,p130248,,P130248-L,Великий пакет,Большой  пакет,20.0,,UAH,100,20.0,pcs,quantity,,
521,245,p130249,,P130249-S,Маленький пакет,Маленький  пакет,10.0,,UAH,100,20.0,pcs,quantity,,
522,245,p130249,,P130249-L,Великий пакет,Большой  пакет,20.0,,UAH,100,20.0,pcs,quantity,,
523,246,p130250,,P130250-S,Маленький пакет,Маленький  пакет,10.0,,UAH,100,20.0,pcs,quantity,,
524,246,p130250,,P130250-L,Великий пакет,Большой  пакет,20.0,,UAH,100,20.0,pcs,quantity,,
525,247,p130251,,P130251-S,Маленький пакет,Маленький  пакет,10.0,,UAH,100,20.0,pcs,quantity,,
526,247,p130251,,P130251-L,Великий пакет,Большой  пакет,20.0,,UAH,100,20.0,pcs,quantity,,
527,248,p130252,,P130252-S,Маленький пакет,Маленький  пакет,10.0,,UAH,100,20.0,pcs,quantity,,
528,248,p130252,,P130252-L,Великий пакет,Большой  пакет,20.0,,UAH,100,20.0,pcs,quantity,,
529,249,p130253,,P130253-S,Маленький пакет,Маленький  пакет,10.0,,UAH,100,20.0,pcs,quantity,,
530,249,p130253,,P130253-L,Великий пакет,Большой  пакет,20.0,,UAH,100,20.0,pcs,quantity,,
531,250,p130254,,P130254-S,Маленький пакет,Маленький  пакет,10.0,,UAH,100,20.0,pcs,quantity,,
532,250,p130254,,P130254-L,Великий пакет,Большой  пакет,20.0,,UAH,100,20.0,pcs,quantity,,
533,251,p130255,,P130255-S,Маленький пакет,Маленький  пакет,10.0,,UAH,100,20.0,pcs,quantity,,
534,251,p130255,,P130255-L,Великий пакет,Большой  пакет,20.0,,UAH,100,20.0,pcs,quantity,,
535,252,p130256,,P130256-S,Маленький пакет,Маленький  пакет,10.0,,UAH,100,20.0,pcs,quantity,,
536,252,p130256,,P130256-L,Великий пакет,Большой  пакет,20.0,,UAH,100,20.0,pcs,quantity,,
537,253,p130257,,P130257-S,Маленький пакет,Маленький  пакет,10.0,,UAH,100,20.0,pcs,quantity,,
538,253,p130257,,P130257-L,Великий пакет,Большой  пакет,20.0,,UAH,100,20.0,pcs,quantity,,
539,254,p130258,,P130258-S,Маленький пакет,Маленький  пакет,10.0,,UAH,100,20.0,pcs,quantity,,
540,254,p130258,,P130258-L,Великий пакет,Большой  пакет,20.0,,UAH,100,20.0,pcs,quantity,,
541,255,p130259,,P130259-S,Маленький пакет,Маленький  пакет,10.0,,UAH,100,20.0,pcs,quantity,,
542,255,p130259,,P130259-L,Великий пакет,Большой  пакет,20.0,,UAH,100,20.0,pcs,quantity,,
543,256,p130260,,P130260-S,Маленький пакет,Маленький  пакет,10.0,,UAH,100,20.0,pcs,quantity,,
544,256,p130260,,P130260-L,Великий пакет,Большой  пакет,20.0,,UAH,100,20.0,pcs,quantity,,
545,257,p130261,,P130261-S,Маленький пакет,Маленький  пакет,10.0,,UAH,100,20.0,pcs,quantity,,
546,257,p130261,,P130261-L,Великий пакет,Большой  пакет,20.0,,UAH,100,20.0,pcs,quantity,,
547,258,p130262,,P130262-S,Маленький пакет,Маленький  пакет,10.0,,UAH,100,20.0,pcs,quantity,,
548,258,p130262,,P130262-L,Великий пакет,Большой  пакет,20.0,,UAH,100,20.0,pcs,quantity,,
549,259,p130263,,P130263-S,Маленький пакет,Маленький  пакет,10.0,,UAH,100,20.0,pcs,quantity,,
550,259,p130263,,P130263-L,Великий пакет,Большой  пакет,20.0,,UAH,100,20.0,pcs,quantity,,
551,260,p130264,,P130264-S,Маленький пакет,Маленький  пакет,10.0,,UAH,100,20.0,pcs,quantity,,
552,260,p130264,,P130264-L,Великий пакет,Большой  пакет,20.0,,UAH,100,20.0,pcs,quantity,,
553,261,p130265,,P130265-S,Маленький пакет,Маленький  пакет,10.0,,UAH,100,20.0,pcs,quantity,,
554,261,p130265,,P130265-L,Великий пакет,Большой  пакет,20.0,,UAH,100,20.0,pcs,quantity,,
555,262,p130266,,P130266-S,Маленький пакет,Маленький  пакет,10.0,,UAH,100,20.0,pcs,quantity,,
556,262,p130266,,P130266-L,Великий пакет,Большой  пакет,20.0,,UAH,100,20.0,pcs,quantity,,
557,263,p130267,,P130267-S,Маленький пакет,Маленький  пакет,10.0,,UAH,100,20.0,pcs,quantity,,
558,263,p130267,,P130267-L,Великий пакет,Большой  пакет,20.0,,UAH,100,20.0,pcs,quantity,,
559,264,p130268,,P130268-S,Маленький пакет,Маленький  пакет,10.0,,UAH,100,20.0,pcs,quantity,,
560,264,p130268,,P130268-L,Великий пакет,Большой  пакет,20.0,,UAH,100,20.0,pcs,quantity,,
561,265,p130269,,P130269-S,Маленький пакет,Маленький  пакет,10.0,,UAH,100,20.0,pcs,quantity,,
562,265,p130269,,P130269-L,Великий пакет,Большой  пакет,20.0,,UAH,100,20.0,pcs,quantity,,
563,266,p130270,,P130270-S,Маленький пакет,Маленький  пакет,10.0,,UAH,100,20.0,pcs,quantity,,
564,266,p130270,,P130270-L,Великий пакет,Большой  пакет,20.0,,UAH,100,20.0,pcs,quantity,,
565,267,p130271,,P130271-S,Маленький пакет,Маленький  пакет,10.0,,UAH,100,20.0,pcs,quantity,,
566,267,p130271,,P130271-L,Великий пакет,Большой  пакет,20.0,,UAH,100,20.0,pcs,quantity,,
567,268,p130272,,P130272-S,Маленький пакет,Маленький  пакет,10.0,,UAH,100,20.0,pcs,quantity,,
568,268,p130272,,P130272-L,Великий пакет,Большой  пакет,20.0,,UAH,100,20.0,pcs,quantity,,
569,269,p130273,,P130273-S,Маленький пакет,Маленький  пакет,10.0,,UAH,100,20.0,pcs,quantity,,
570,269,p130273,,P130273-L,Великий пакет,Большой  пакет,20.0,,UAH,100,20.0,pcs,quantity,,
571,270,p130274,,P130274-S,Маленький пакет,Маленький  пакет,10.0,,UAH,100,20.0,pcs,quantity,,
572,270,p130274,,P130274-L,Великий пакет,Большой  пакет,20.0,,UAH,100,20.0,pcs,quantity,,
573,271,p140275,,P140275-S,Маленький пакет,Маленький  пакет,10.0,,UAH,100,20.0,pcs,quantity,,
574,271,p140275,,P140275-L,Великий пакет,Большой  пакет,20.0,,UAH,100,20.0,pcs,quantity,,
575,272,p140276,,P140276-S,Маленький пакет,Маленький  пакет,10.0,,UAH,100,20.0,pcs,quantity,,
576,272,p140276,,P140276-L,Великий пакет,Большой  пакет,20.0,,UAH,100,20.0,pcs,quantity,,
577,273,p140277,,P140277-S,Маленький пакет,Маленький  пакет,10.0,,UAH,100,20.0,pcs,quantity,,
578,273,p140277,,P140277-L,Великий пакет,Большой  пакет,20.0,,UAH,100,20.0,pcs,quantity,,
579,274,p140278,,P140278-S,Маленький пакет,Маленький  пакет,10.0,,UAH,100,20.0,pcs,quantity,,
580,274,p140278,,P140278-L,Великий пакет,Большой  пакет,20.0,,UAH,100,20.0,pcs,quantity,,
581,275,p140279,,P140279-S,Маленький пакет,Маленький  пакет,10.0,,UAH,100,20.0,pcs,quantity,,
582,275,p140279,,P140279-L,Великий пакет,Большой  пакет,20.0,,UAH,100,20.0,pcs,quantity,,
583,276,p140280,,P140280-S,Маленький пакет,Маленький  пакет,10.0,,UAH,100,20.0,pcs,quantity,,
584,276,p140280,,P140280-L,Великий пакет,Большой  пакет,20.0,,UAH,100,20.0,pcs,quantity,,
585,277,p140281,,P140281-S,Маленький пакет,Маленький  пакет,10.0,,UAH,100,20.0,pcs,quantity,,
586,277,p140281,,P140281-L,Великий пакет,Большой  пакет,20.0,,UAH,100,20.0,pcs,quantity,,
587,278,p140282,,P140282-S,Маленький пакет,Маленький  пакет,10.0,,UAH,100,20.0,pcs,quantity,,
588,278,p140282,,P140282-L,Великий пакет,Большой  пакет,20.0,,UAH,100,20.0,pcs,quantity,,
589,279,p140283,,P140283-S,Маленький пакет,Маленький  пакет,10.0,,UAH,100,20.0,pcs,quantity,,
590,279,p140283,,P140283-L,Великий пакет,Большой  пакет,20.0,,UAH,100,20.0,pcs,quantity,,
591,280,p140284,,P140284-S,Маленький пакет,Маленький  пакет,10.0,,UAH,100,20.0,pcs,quantity,,
592,280,p140284,,P140284-L,Великий пакет,Большой  пакет,20.0,,UAH,100,20.0,pcs,quantity,,
593,281,p140285,,P140285-S,Маленький пакет,Маленький  пакет,10.0,,UAH,100,20.0,pcs,quantity,,
594,281,p140285,,P140285-L,Великий пакет,Большой  пакет,20.0,,UAH,100,20.0,pcs,quantity,,
595,282,p140286,,P140286-S,Маленький пакет,Маленький  пакет,10.0,,UAH,100,20.0,pcs,quantity,,
596,282,p140286,,P140286-L,Великий пакет,Большой  пакет,20.0,,UAH,100,20.0,pcs,quantity,,
597,283,p140287,,P140287-S,Маленький пакет,Маленький  пакет,10.0,,UAH,100,20.0,pcs,quantity,,
598,283,p140287,,P140287-L,Великий пакет,Большой  пакет,20.0,,UAH,100,20.0,pcs,quantity,,
599,284,p140288,,P140288-S,Маленький пакет,Маленький  пакет,10.0,,UAH,100,20.0,pcs,quantity,,
600,284,p140288,,P140288-L,Великий пакет,Большой  пакет,20.0,,UAH,100,20.0,pcs,quantity,,
601,285,p140289,,P140289-S,Маленький пакет,Маленький  пакет,10.0,,UAH,100,20.0,pcs,quantity,,
602,285,p140289,,P140289-L,Великий пакет,Большой  пакет,20.0,,UAH,100,20.0,pcs,quantity,,
603,286,p140290,,P140290-S,Маленький пакет,Маленький  пакет,10.0,,UAH,100,20.0,pcs,quantity,,
604,286,p140290,,P140290-L,Великий пакет,Большой  пакет,20.0,,UAH,100,20.0,pcs,quantity,,
605,287,p140291,,P140291-S,Маленький пакет,Маленький  пакет,10.0,,UAH,100,20.0,pcs,quantity,,
606,287,p140291,,P140291-L,Великий пакет,Большой  пакет,20.0,,UAH,100,20.0,pcs,quantity,,
607,288,p140292,,P140292-S,Маленький пакет,Маленький  пакет,10.0,,UAH,100,20.0,pcs,quantity,,
608,288,p140292,,P140292-L,Великий пакет,Большой  пакет,20.0,,UAH,100,20.0,pcs,quantity,,
609,289,p140293,,P140293-S,Маленький пакет,Маленький  пакет,10.0,,UAH,100,20.0,pcs,quantity,,
610,289,p140293,,P140293-L,Великий пакет,Большой  пакет,20.0,,UAH,100,20.0,pcs,quantity,,
611,290,p140294,,P140294-S,Маленький пакет,Маленький  пакет,10.0,,UAH,100,20.0,pcs,quantity,,
612,290,p140294,,P140294-L,Великий пакет,Большой  пакет,20.0,,UAH,100,20.0,pcs,quantity,,
613,291,p140295,,P140295-S,Маленький пакет,Маленький  пакет,10.0,,UAH,100,20.0,pcs,quantity,,
614,291,p140295,,P140295-L,Великий пакет,Большой  пакет,20.0,,UAH,100,20.0,pcs,quantity,,
615,292,p150296,,P150296-S,Маленький пакет,Маленький  пакет,10.0,,UAH,100,20.0,pcs,quantity,,
616,292,p150296,,P150296-L,Великий пакет,Большой  пакет,20.0,,UAH,100,20.0,pcs,quantity,,
617,293,p150297,,P150297-S,Маленький пакет,Маленький  пакет,10.0,,UAH,100,20.0,pcs,quantity,,
618,293,p150297,,P150297-L,Великий пакет,Большой  пакет,20.0,,UAH,100,20.0,pcs,quantity,,
619,294,p150298,,P150298-S,Маленький пакет,Маленький  пакет,10.0,,UAH,100,20.0,pcs,quantity,,
620,294,p150298,,P150298-L,Великий пакет,Большой  пакет,20.0,,UAH,100,20.0,pcs,quantity,,
621,295,p150299,,P150299-S,Маленький пакет,Маленький  пакет,10.0,,UAH,100,20.0,pcs,quantity,,
622,295,p150299,,P150299-L,Великий пакет,Большой  пакет,20.0,,UAH,100,20.0,pcs,quantity,,
623,296,p150300,,P150300-S,Маленький пакет,Маленький  пакет,10.0,,UAH,100,20.0,pcs,quantity,,
624,296,p150300,,P150300-L,Великий пакет,Большой  пакет,20.0,,UAH,100,20.0,pcs,quantity,,
625,297,p150301,,P150301-S,Маленький пакет,Маленький  пакет,10.0,,UAH,100,20.0,pcs,quantity,,
626,297,p150301,,P150301-L,Великий пакет,Большой  пакет,20.0,,UAH,100,20.0,pcs,quantity,,
627,298,p150302,,P150302-S,Маленький пакет,Маленький  пакет,10.0,,UAH,100,20.0,pcs,quantity,,
628,298,p150302,,P150302-L,Великий пакет,Большой  пакет,20.0,,UAH,100,20.0,pcs,quantity,,
629,299,p150303,,P150303-S,Маленький пакет,Маленький  пакет,10.0,,UAH,100,20.0,pcs,quantity,,
630,299,p150303,,P150303-L,Великий пакет,Большой  пакет,20.0,,UAH,100,20.0,pcs,quantity,,
631,300,p160304,,P160304-S,Маленький пакет,Маленький  пакет,10.0,,UAH,100,20.0,pcs,quantity,,
632,300,p160304,,P160304-L,Великий пакет,Большой  пакет,20.0,,UAH,100,20.0,pcs,quantity,,
633,301,p160305,,P160305-S,Маленький пакет,Маленький  пакет,10.0,,UAH,100,20.0,pcs,quantity,,
634,301,p160305,,P160305-L,Великий пакет,Большой  пакет,20.0,,UAH,100,20.0,pcs,quantity,,
635,302,p160306,,P160306-S,Маленький пакет,Маленький  пакет,10.0,,UAH,100,20.0,pcs,quantity,,
636,302,p160306,,P160306-L,Великий пакет,Большой  пакет,20.0,,UAH,100,20.0,pcs,quantity,,
637,303,p160307,,P160307-S,Маленький пакет,Маленький  пакет,10.0,,UAH,100,20.0,pcs,quantity,,
638,303,p160307,,P160307-L,Великий пакет,Большой  пакет,20.0,,UAH,100,20.0,pcs,quantity,,
639,304,p160308,,P160308-S,Маленький пакет,Маленький  пакет,10.0,,UAH,100,20.0,pcs,quantity,,
640,304,p160308,,P160308-L,Великий пакет,Большой  пакет,20.0,,UAH,100,20.0,pcs,quantity,,
641,305,p160309,,P160309-S,Маленький пакет,Маленький  пакет,10.0,,UAH,100,20.0,pcs,quantity,,
642,305,p160309,,P160309-L,Великий пакет,Большой  пакет,20.0,,UAH,100,20.0,pcs,quantity,,
643,306,p160310,,P160310-S,Маленький пакет,Маленький  пакет,10.0,,UAH,100,20.0,pcs,quantity,,
644,306,p160310,,P160310-L,Великий пакет,Большой  пакет,20.0,,UAH,100,20.0,pcs,quantity,,
645,307,p160311,,P160311-S,Маленький пакет,Маленький  пакет,10.0,,UAH,100,20.0,pcs,quantity,,
646,307,p160311,,P160311-L,Великий пакет,Большой  пакет,20.0,,UAH,100,20.0,pcs,quantity,,
647,308,p160312,,P160312-S,Маленький пакет,Маленький  пакет,10.0,,UAH,100,20.0,pcs,quantity,,
648,308,p160312,,P160312-L,Великий пакет,Большой  пакет,20.0,,UAH,100,20.0,pcs,quantity,,
649,309,p160313,,P160313-S,Маленький пакет,Маленький  пакет,10.0,,UAH,100,20.0,pcs,quantity,,
650,309,p160313,,P160313-L,Великий пакет,Большой  пакет,20.0,,UAH,100,20.0,pcs,quantity,,
651,310,p160314,,P160314-S,Маленький пакет,Маленький  пакет,10.0,,UAH,100,20.0,pcs,quantity,,
652,310,p160314,,P160314-L,Великий пакет,Большой  пакет,20.0,,UAH,100,20.0,pcs,quantity,,
653,311,p160315,,P160315-S,Маленький пакет,Маленький  пакет,10.0,,UAH,100,20.0,pcs,quantity,,
654,311,p160315,,P160315-L,Великий пакет,Большой  пакет,20.0,,UAH,100,20.0,pcs,quantity,,
655,312,p160316,,P160316-S,Маленький пакет,Маленький  пакет,10.0,,UAH,100,20.0,pcs,quantity,,
656,312,p160316,,P160316-L,Великий пакет,Большой  пакет,20.0,,UAH,100,20.0,pcs,quantity,,
657,313,p160317,,P160317-S,Маленький пакет,Маленький  пакет,10.0,,UAH,100,20.0,pcs,quantity,,
658,313,p160317,,P160317-L,Великий пакет,Большой  пакет,20.0,,UAH,100,20.0,pcs,quantity,,
659,314,p160318,,P160318-S,Маленький пакет,Маленький  пакет,10.0,,UAH,100,20.0,pcs,quantity,,
660,314,p160318,,P160318-L,Великий пакет,Большой  пакет,20.0,,UAH,100,20.0,pcs,quantity,,
661,315,p160319,,P160319-S,Маленький пакет,Маленький  пакет,10.0,,UAH,100,20.0,pcs,quantity,,
662,315,p160319,,P160319-L,Великий пакет,Большой  пакет,20.0,,UAH,100,20.0,pcs,quantity,,
663,316,p160320,,P160320-S,Маленький пакет,Маленький  пакет,10.0,,UAH,100,20.0,pcs,quantity,,
664,316,p160320,,P160320-L,Великий пакет,Большой  пакет,20.0,,UAH,100,20.0,pcs,quantity,,
665,317,p160321,,P160321-S,Маленький пакет,Маленький  пакет,10.0,,UAH,100,20.0,pcs,quantity,,
666,317,p160321,,P160321-L,Великий пакет,Большой  пакет,20.0,,UAH,100,20.0,pcs,quantity,,
667,318,p160322,,P160322-S,Маленький пакет,Маленький  пакет,10.0,,UAH,100,20.0,pcs,quantity,,
668,318,p160322,,P160322-L,Великий пакет,Большой  пакет,20.0,,UAH,100,20.0,pcs,quantity,,
669,319,p160323,,P160323-S,Маленький пакет,Маленький  пакет,10.0,,UAH,100,20.0,pcs,quantity,,
670,319,p160323,,P160323-L,Великий пакет,Большой  пакет,20.0,,UAH,100,20.0,pcs,quantity,,
671,320,p160324,,P160324-S,Маленький пакет,Маленький  пакет,10.0,,UAH,100,20.0,pcs,quantity,,
672,320,p160324,,P160324-L,Великий пакет,Большой  пакет,20.0,,UAH,100,20.0,pcs,quantity,,
673,321,p170325,,P170325-S,Маленький пакет,Маленький  пакет,10.0,,UAH,100,20.0,pcs,quantity,,
674,321,p170325,,P170325-L,Великий пакет,Большой  пакет,20.0,,UAH,100,20.0,pcs,quantity,,
675,322,p170326,,P170326-S,Маленький пакет,Маленький  пакет,10.0,,UAH,100,20.0,pcs,quantity,,
676,322,p170326,,P170326-L,Великий пакет,Большой  пакет,20.0,,UAH,100,20.0,pcs,quantity,,
677,323,p170327,,P170327-S,Маленький пакет,Маленький  пакет,10.0,,UAH,100,20.0,pcs,quantity,,
678,323,p170327,,P170327-L,Великий пакет,Большой  пакет,20.0,,UAH,100,20.0,pcs,quantity,,
679,324,p170328,,P170328-S,Маленький пакет,Маленький  пакет,10.0,,UAH,100,20.0,pcs,quantity,,
680,324,p170328,,P170328-L,Великий пакет,Большой  пакет,20.0,,UAH,100,20.0,pcs,quantity,,
681,325,p170329,,P170329-S,Маленький пакет,Маленький  пакет,10.0,,UAH,100,20.0,pcs,quantity,,
682,325,p170329,,P170329-L,Великий пакет,Большой  пакет,20.0,,UAH,100,20.0,pcs,quantity,,
683,326,p170330,,P170330-S,Маленький пакет,Маленький  пакет,10.0,,UAH,100,20.0,pcs,quantity,,
684,326,p170330,,P170330-L,Великий пакет,Большой  пакет,20.0,,UAH,100,20.0,pcs,quantity,,
685,327,p170331,,P170331-S,Маленький пакет,Маленький  пакет,10.0,,UAH,100,20.0,pcs,quantity,,
686,327,p170331,,P170331-L,Великий пакет,Большой  пакет,20.0,,UAH,100,20.0,pcs,quantity,,
687,328,p170332,,P170332-S,Маленький пакет,Маленький  пакет,10.0,,UAH,100,20.0,pcs,quantity,,
688,328,p170332,,P170332-L,Великий пакет,Большой  пакет,20.0,,UAH,100,20.0,pcs,quantity,,
689,329,p170333,,P170333-S,Маленький пакет,Маленький  пакет,10.0,,UAH,100,20.0,pcs,quantity,,
690,329,p170333,,P170333-L,Великий пакет,Большой  пакет,20.0,,UAH,100,20.0,pcs,quantity,,
691,330,p170334,,P170334-S,Маленький пакет,Маленький  пакет,10.0,,UAH,100,20.0,pcs,quantity,,
692,330,p170334,,P170334-L,Великий пакет,Большой  пакет,20.0,,UAH,100,20.0,pcs,quantity,,
693,331,p170335,,P170335-S,Маленький пакет,Маленький  пакет,10.0,,UAH,100,20.0,pcs,quantity,,
694,331,p170335,,P170335-L,Великий пакет,Большой  пакет,20.0,,UAH,100,20.0,pcs,quantity,,
695,332,p170336,,P170336-S,Маленький пакет,Маленький  пакет,10.0,,UAH,100,20.0,pcs,quantity,,
696,332,p170336,,P170336-L,Великий пакет,Большой  пакет,20.0,,UAH,100,20.0,pcs,quantity,,
697,333,p170337,,P170337-S,Маленький пакет,Маленький  пакет,10.0,,UAH,100,20.0,pcs,quantity,,
698,333,p170337,,P170337-L,Великий пакет,Большой  пакет,20.0,,UAH,100,20.0,pcs,quantity,,
699,334,p170338,,P170338-S,Маленький пакет,Маленький  пакет,10.0,,UAH,100,20.0,pcs,quantity,,
700,334,p170338,,P170338-L,Великий пакет,Большой  пакет,20.0,,UAH,100,20.0,pcs,quantity,,
701,335,p170339,,P170339-S,Маленький пакет,Маленький  пакет,10.0,,UAH,100,20.0,pcs,quantity,,
702,335,p170339,,P170339-L,Великий пакет,Большой  пакет,20.0,,UAH,100,20.0,pcs,quantity,,
703,336,p170340,,P170340-S,Маленький пакет,Маленький  пакет,10.0,,UAH,100,20.0,pcs,quantity,,
704,336,p170340,,P170340-L,Великий пакет,Большой  пакет,20.0,,UAH,100,20.0,pcs,quantity,,
705,337,p170341,,P170341-S,Маленький пакет,Маленький  пакет,10.0,,UAH,100,20.0,pcs,quantity,,
706,337,p170341,,P170341-L,Великий пакет,Большой  пакет,20.0,,UAH,100,20.0,pcs,quantity,,
707,338,p170342,,P170342-S,Маленький пакет,Маленький  пакет,10.0,,UAH,100,20.0,pcs,quantity,,
708,338,p170342,,P170342-L,Великий пакет,Большой  пакет,20.0,,UAH,100,20.0,pcs,quantity,,
709,339,p170343,,P170343-S,Маленький пакет,Маленький  пакет,10.0,,UAH,100,20.0,pcs,quantity,,
710,339,p170343,,P170343-L,Великий пакет,Большой  пакет,20.0,,UAH,100,20.0,pcs,quantity,,
711,340,p180344,,P180344-S,Маленький пакет,Маленький  пакет,10.0,,UAH,100,20.0,pcs,quantity,,
712,340,p180344,,P180344-L,Великий пакет,Большой  пакет,20.0,,UAH,100,20.0,pcs,quantity,,
713,341,p180345,,P180345-S,Маленький пакет,Маленький  пакет,10.0,,UAH,100,20.0,pcs,quantity,,
714,341,p180345,,P180345-L,Великий пакет,Большой  пакет,20.0,,UAH,100,20.0,pcs,quantity,,
715,342,p180346,,P180346-S,Маленький пакет,Маленький  пакет,10.0,,UAH,100,20.0,pcs,quantity,,
716,342,p180346,,P180346-L,Великий пакет,Большой  пакет,20.0,,UAH,100,20.0,pcs,quantity,,
717,343,p180347,,P180347-S,Маленький пакет,Маленький  пакет,10.0,,UAH,100,20.0,pcs,quantity,,
718,343,p180347,,P180347-L,Великий пакет,Большой  пакет,20.0,,UAH,100,20.0,pcs,quantity,,
719,344,p180348,,P180348-S,Маленький пакет,Маленький  пакет,10.0,,UAH,100,20.0,pcs,quantity,,
720,344,p180348,,P180348-L,Великий пакет,Большой  пакет,20.0,,UAH,100,20.0,pcs,quantity,,
721,345,p180349,,P180349-S,Маленький пакет,Маленький  пакет,10.0,,UAH,100,20.0,pcs,quantity,,
722,345,p180349,,P180349-L,Великий пакет,Большой  пакет,20.0,,UAH,100,20.0,pcs,quantity,,
723,346,p180350,,P180350-S,Маленький пакет,Маленький  пакет,10.0,,UAH,100,20.0,pcs,quantity,,
724,346,p180350,,P180350-L,Великий пакет,Большой  пакет,20.0,,UAH,100,20.0,pcs,quantity,,
725,347,p180351,,P180351-S,Маленький пакет,Маленький  пакет,10.0,,UAH,100,20.0,pcs,quantity,,
726,347,p180351,,P180351-L,Великий пакет,Большой  пакет,20.0,,UAH,100,20.0,pcs,quantity,,
727,348,p180352,,P180352-S,Маленький пакет,Маленький  пакет,10.0,,UAH,100,20.0,pcs,quantity,,
728,348,p180352,,P180352-L,Великий пакет,Большой  пакет,20.0,,UAH,100,20.0,pcs,quantity,,
729,349,p180353,,P180353-S,Маленький пакет,Маленький  пакет,10.0,,UAH,100,20.0,pcs,quantity,,
730,349,p180353,,P180353-L,Великий пакет,Большой  пакет,20.0,,UAH,100,20.0,pcs,quantity,,
731,350,p180354,,P180354-S,Маленький пакет,Маленький  пакет,10.0,,UAH,100,20.0,pcs,quantity,,
732,350,p180354,,P180354-L,Великий пакет,Большой  пакет,20.0,,UAH,100,20.0,pcs,quantity,,
733,351,p180355,,P180355-S,Маленький пакет,Маленький  пакет,10.0,,UAH,100,20.0,pcs,quantity,,
734,351,p180355,,P180355-L,Великий пакет,Большой  пакет,20.0,,UAH,100,20.0,pcs,quantity,,
735,352,p180356,,P180356-S,Маленький пакет,Маленький  пакет,10.0,,UAH,100,20.0,pcs,quantity,,
736,352,p180356,,P180356-L,Великий пакет,Большой  пакет,20.0,,UAH,100,20.0,pcs,quantity,,
737,353,p180357,,P180357-S,Маленький пакет,Маленький  пакет,10.0,,UAH,100,20.0,pcs,quantity,,
738,353,p180357,,P180357-L,Великий пакет,Большой  пакет,20.0,,UAH,100,20.0,pcs,quantity,,
739,354,p180358,,P180358-S,Маленький пакет,Маленький  пакет,10.0,,UAH,100,20.0,pcs,quantity,,
740,354,p180358,,P180358-L,Великий пакет,Большой  пакет,20.0,,UAH,100,20.0,pcs,quantity,,
741,355,p180359,,P180359-S,Маленький пакет,Маленький  пакет,10.0,,UAH,100,20.0,pcs,quantity,,
742,355,p180359,,P180359-L,Великий пакет,Большой  пакет,20.0,,UAH,100,20.0,pcs,quantity,,
743,356,p180360,,P180360-S,Маленький пакет,Маленький  пакет,10.0,,UAH,100,20.0,pcs,quantity,,
744,356,p180360,,P180360-L,Великий пакет,Большой  пакет,20.0,,UAH,100,20.0,pcs,quantity,,
745,357,p180361,,P180361-S,Маленький пакет,Маленький  пакет,10.0,,UAH,100,20.0,pcs,quantity,,
746,357,p180361,,P180361-L,Великий пакет,Большой  пакет,20.0,,UAH,100,20.0,pcs,quantity,,
747,358,p180362,,P180362-S,Маленький пакет,Маленький  пакет,10.0,,UAH,100,20.0,pcs,quantity,,
748,358,p180362,,P180362-L,Великий пакет,Большой  пакет,20.0,,UAH,100,20.0,pcs,quantity,,
749,359,p180363,,P180363-S,Маленький пакет,Маленький  пакет,10.0,,UAH,100,20.0,pcs,quantity,,
750,359,p180363,,P180363-L,Великий пакет,Большой  пакет,20.0,,UAH,100,20.0,pcs,quantity,,
751,360,p180364,,P180364-S,Маленький пакет,Маленький  пакет,10.0,,UAH,100,20.0,pcs,quantity,,
752,360,p180364,,P180364-L,Великий пакет,Большой  пакет,20.0,,UAH,100,20.0,pcs,quantity,,
753,361,p180365,,P180365-S,Маленький пакет,Маленький  пакет,10.0,,UAH,100,20.0,pcs,quantity,,
754,361,p180365,,P180365-L,Великий пакет,Большой  пакет,20.0,,UAH,100,20.0,pcs,quantity,,
755,362,p180366,,P180366-S,Маленький пакет,Маленький  пакет,10.0,,UAH,100,20.0,pcs,quantity,,
756,362,p180366,,P180366-L,Великий пакет,Большой  пакет,20.0,,UAH,100,20.0,pcs,quantity,,
757,363,p180367,,P180367-S,Маленький пакет,Маленький  пакет,10.0,,UAH,100,20.0,pcs,quantity,,
758,363,p180367,,P180367-L,Великий пакет,Большой  пакет,20.0,,UAH,100,20.0,pcs,quantity,,
759,364,p180368,,P180368-S,Маленький пакет,Маленький  пакет,10.0,,UAH,100,20.0,pcs,quantity,,
760,364,p180368,,P180368-L,Великий пакет,Большой  пакет,20.0,,UAH,100,20.0,pcs,quantity,,
761,365,p180369,,P180369-S,Маленький пакет,Маленький  пакет,10.0,,UAH,100,20.0,pcs,quantity,,
762,365,p180369,,P180369-L,Великий пакет,Большой  пакет,20.0,,UAH,100,20.0,pcs,quantity,,
763,366,p180370,,P180370-S,Маленький пакет,Маленький  пакет,10.0,,UAH,100,20.0,pcs,quantity,,
764,366,p180370,,P180370-L,Великий пакет,Большой  пакет,20.0,,UAH,100,20.0,pcs,quantity,,
765,367,p190371,,P190371-S,Маленький пакет,Маленький  пакет,10.0,,UAH,100,20.0,pcs,quantity,,
766,367,p190371,,P190371-L,Великий пакет,Большой  пакет,20.0,,UAH,100,20.0,pcs,quantity,,
767,368,p190372,,P190372-S,Маленький пакет,Маленький  пакет,10.0,,UAH,100,20.0,pcs,quantity,,
768,368,p190372,,P190372-L,Великий пакет,Большой  пакет,20.0,,UAH,100,20.0,pcs,quantity,,
769,369,p190373,,P190373-S,Маленький пакет,Маленький  пакет,10.0,,UAH,100,20.0,pcs,quantity,,
770,369,p190373,,P190373-L,Великий пакет,Большой  пакет,20.0,,UAH,100,20.0,pcs,quantity,,
771,370,p190374,,P190374-S,Маленький пакет,Маленький  пакет,10.0,,UAH,100,20.0,pcs,quantity,,
772,370,p190374,,P190374-L,Великий пакет,Большой  пакет,20.0,,UAH,100,20.0,pcs,quantity,,
773,371,p190375,,P190375-S,Маленький пакет,Маленький  пакет,10.0,,UAH,100,20.0,pcs,quantity,,
774,371,p190375,,P190375-L,Великий пакет,Большой  пакет,20.0,,UAH,100,20.0,pcs,quantity,,
775,372,p190376,,P190376-S,Маленький пакет,Маленький  пакет,10.0,,UAH,100,20.0,pcs,quantity,,
776,372,p190376,,P190376-L,Великий пакет,Большой  пакет,20.0,,UAH,100,20.0,pcs,quantity,,
777,373,p190377,,P190377-S,Маленький пакет,Маленький  пакет,10.0,,UAH,100,20.0,pcs,quantity,,
778,373,p190377,,P190377-L,Великий пакет,Большой  пакет,20.0,,UAH,100,20.0,pcs,quantity,,
779,374,p190378,,P190378-S,Маленький пакет,Маленький  пакет,10.0,,UAH,100,20.0,pcs,quantity,,
780,374,p190378,,P190378-L,Великий пакет,Большой  пакет,20.0,,UAH,100,20.0,pcs,quantity,,
781,375,p190379,,P190379-S,Маленький пакет,Маленький  пакет,10.0,,UAH,100,20.0,pcs,quantity,,
782,375,p190379,,P190379-L,Великий пакет,Большой  пакет,20.0,,UAH,100,20.0,pcs,quantity,,
783,376,p190380,,P190380-S,Маленький пакет,Маленький  пакет,10.0,,UAH,100,20.0,pcs,quantity,,
784,376,p190380,,P190380-L,Великий пакет,Большой  пакет,20.0,,UAH,100,20.0,pcs,quantity,,
785,377,p190381,,P190381-S,Маленький пакет,Маленький  пакет,10.0,,UAH,100,20.0,pcs,quantity,,
786,377,p190381,,P190381-L,Великий пакет,Большой  пакет,20.0,,UAH,100,20.0,pcs,quantity,,
787,378,p190382,,P190382-S,Маленький пакет,Маленький  пакет,10.0,,UAH,100,20.0,pcs,quantity,,
788,378,p190382,,P190382-L,Великий пакет,Большой  пакет,20.0,,UAH,100,20.0,pcs,quantity,,
789,379,p190383,,P190383-S,Маленький пакет,Маленький  пакет,10.0,,UAH,100,20.0,pcs,quantity,,
790,379,p190383,,P190383-L,Великий пакет,Большой  пакет,20.0,,UAH,100,20.0,pcs,quantity,,
791,380,p190384,,P190384-S,Маленький пакет,Маленький  пакет,10.0,,UAH,100,3.0,gr,weight,,
792,380,p190384,,P190384-L,Великий пакет,Большой  пакет,20.0,,UAH,100,3.0,gr,weight,,
793,381,p190385,,P190385-S,Маленький пакет,Маленький  пакет,10.0,,UAH,100,3.0,gr,weight,,
794,381,p190385,,P190385-L,Великий пакет,Большой  пакет,20.0,,UAH,100,3.0,gr,weight,,
795,382,p190386,,P190386-S,Маленький пакет,Маленький  пакет,10.0,,UAH,100,3.0,gr,weight,,
796,382,p190386,,P190386-L,Великий пакет,Большой  пакет,20.0,,UAH,100,3.0,gr,weight,,
797,383,p190387,,P190387-S,Маленький пакет,Маленький  пакет,10.0,,UAH,100,3.0,gr,weight,,
798,383,p190387,,P190387-L,Великий пакет,Большой  пакет,20.0,,UAH,100,3.0,gr,weight,,
799,384,p190388,,P190388-S,Маленький пакет,Маленький  пакет,10.0,,UAH,100,3.0,gr,weight,,
800,384,p190388,,P190388-L,Великий пакет,Большой  пакет,20.0,,UAH,100,3.0,gr,weight,,
801,385,p190389,,P190389-S,Маленький пакет,Маленький  пакет,10.0,,UAH,100,3.0,gr,weight,,
802,385,p190389,,P190389-L,Великий пакет,Большой  пакет,20.0,,UAH,100,3.0,gr,weight,,
803,386,p200390,,P200390-S,Маленький пакет,Маленький  пакет,10.0,,UAH,100,3.0,gr,weight,,
804,386,p200390,,P200390-L,Великий пакет,Большой  пакет,20.0,,UAH,100,3.0,gr,weight,,
805,387,p200391,,P200391-S,Маленький пакет,Маленький  пакет,10.0,,UAH,100,3.0,gr,weight,,
806,387,p200391,,P200391-L,Великий пакет,Большой  пакет,20.0,,UAH,100,3.0,gr,weight,,
807,388,p200392,,P200392-S,Маленький пакет,Маленький  пакет,10.0,,UAH,100,3.0,gr,weight,,
808,388,p200392,,P200392-L,Великий пакет,Большой  пакет,20.0,,UAH,100,3.0,gr,weight,,
809,389,p200393,,P200393-S,Маленький пакет,Маленький  пакет,10.0,,UAH,100,3.0,gr,weight,,
810,389,p200393,,P200393-L,Великий пакет,Большой  пакет,20.0,,UAH,100,3.0,gr,weight,,
811,390,p200394,,P200394-S,Маленький пакет,Маленький  пакет,10.0,,UAH,100,3.0,gr,weight,,
812,390,p200394,,P200394-L,Великий пакет,Большой  пакет,20.0,,UAH,100,3.0,gr,weight,,
813,391,p200395,,P200395-S,Маленький пакет,Маленький  пакет,10.0,,UAH,100,3.0,gr,weight,,
814,391,p200395,,P200395-L,Великий пакет,Большой  пакет,20.0,,UAH,100,3.0,gr,weight,,
815,392,p200396,,P200396-S,Маленький пакет,Маленький  пакет,10.0,,UAH,100,3.0,gr,weight,,
816,392,p200396,,P200396-L,Великий пакет,Большой  пакет,20.0,,UAH,100,3.0,gr,weight,,
817,393,p200397,,P200397-S,Маленький пакет,Маленький  пакет,10.0,,UAH,100,3.0,gr,weight,,
818,393,p200397,,P200397-L,Великий пакет,Большой  пакет,20.0,,UAH,100,3.0,gr,weight,,
819,394,p200398,,P200398-S,Маленький пакет,Маленький  пакет,10.0,,UAH,100,3.0,gr,weight,,
820,394,p200398,,P200398-L,Великий пакет,Большой  пакет,20.0,,UAH,100,3.0,gr,weight,,
821,395,p200399,,P200399-S,Маленький пакет,Маленький  пакет,10.0,,UAH,100,3.0,gr,weight,,
822,395,p200399,,P200399-L,Великий пакет,Большой  пакет,20.0,,UAH,100,3.0,gr,weight,,
823,396,p200400,,P200400-S,Маленький пакет,Маленький  пакет,10.0,,UAH,100,3.0,gr,weight,,
824,396,p200400,,P200400-L,Великий пакет,Большой  пакет,20.0,,UAH,100,3.0,gr,weight,,
825,397,p200401,,P200401-S,Маленький пакет,Маленький  пакет,10.0,,UAH,100,3.0,gr,weight,,
826,397,p200401,,P200401-L,Великий пакет,Большой  пакет,20.0,,UAH,100,3.0,gr,weight,,
827,398,p200402,,P200402-S,Маленький пакет,Маленький  пакет,10.0,,UAH,100,3.0,gr,weight,,
828,398,p200402,,P200402-L,Великий пакет,Большой  пакет,20.0,,UAH,100,3.0,gr,weight,,
829,399,p200403,,P200403-S,Маленький пакет,Маленький  пакет,10.0,,UAH,100,3.0,gr,weight,,
830,399,p200403,,P200403-L,Великий пакет,Большой  пакет,20.0,,UAH,100,3.0,gr,weight,,
831,400,p200404,,P200404-S,Маленький пакет,Маленький  пакет,10.0,,UAH,100,3.0,gr,weight,,
832,400,p200404,,P200404-L,Великий пакет,Большой  пакет,20.0,,UAH,100,3.0,gr,weight,,
833,401,p200405,,P200405-S,Маленький пакет,Маленький  пакет,10.0,,UAH,100,3.0,gr,weight,,
834,401,p200405,,P200405-L,Великий пакет,Большой  пакет,20.0,,UAH,100,3.0,gr,weight,,
835,402,p210406,,P210406-S,Маленький пакет,Маленький  пакет,10.0,,UAH,100,3.0,gr,weight,,
836,402,p210406,,P210406-L,Великий пакет,Большой  пакет,20.0,,UAH,100,3.0,gr,weight,,
837,403,p210407,,P210407-S,Маленький пакет,Маленький  пакет,10.0,,UAH,100,3.0,gr,weight,,
838,403,p210407,,P210407-L,Великий пакет,Большой  пакет,20.0,,UAH,100,3.0,gr,weight,,
839,404,p210408,,P210408-S,Маленький пакет,Маленький  пакет,10.0,,UAH,100,3.0,gr,weight,,
840,404,p210408,,P210408-L,Великий пакет,Большой  пакет,20.0,,UAH,100,3.0,gr,weight,,
841,405,p210409,,P210409-S,Маленький пакет,Маленький  пакет,10.0,,UAH,100,3.0,gr,weight,,
842,405,p210409,,P210409-L,Великий пакет,Большой  пакет,20.0,,UAH,100,3.0,gr,weight,,
843,406,p210410,,P210410-S,Маленький пакет,Маленький  пакет,10.0,,UAH,100,3.0,gr,weight,,
844,406,p210410,,P210410-L,Великий пакет,Большой  пакет,20.0,,UAH,100,3.0,gr,weight,,
845,407,p210411,,P210411-S,Маленький пакет,Маленький  пакет,10.0,,UAH,100,3.0,gr,weight,,
846,407,p210411,,P210411-L,Великий пакет,Большой  пакет,20.0,,UAH,100,3.0,gr,weight,,
847,408,p210412,,P210412-S,Маленький пакет,Маленький  пакет,10.0,,UAH,100,3.0,gr,weight,,
848,408,p210412,,P210412-L,Великий пакет,Большой  пакет,20.0,,UAH,100,3.0,gr,weight,,
849,409,p210413,,P210413-S,Маленький пакет,Маленький  пакет,10.0,,UAH,100,3.0,gr,weight,,
850,409,p210413,,P210413-L,Великий пакет,Большой  пакет,20.0,,UAH,100,3.0,gr,weight,,
851,410,p220414,,P220414-S,Маленький пакет,Маленький  пакет,10.0,,UAH,100,3.0,gr,weight,,
852,410,p220414,,P220414-L,Великий пакет,Большой  пакет,20.0,,UAH,100,3.0,gr,weight,,
853,411,p220415,,P220415-S,Маленький пакет,Маленький  пакет,10.0,,UAH,100,3.0,gr,weight,,
854,411,p220415,,P220415-L,Великий пакет,Большой  пакет,20.0,,UAH,100,3.0,gr,weight,,
855,412,p220416,,P220416-S,Маленький пакет,Маленький  пакет,10.0,,UAH,100,3.0,gr,weight,,
856,412,p220416,,P220416-L,Великий пакет,Большой  пакет,20.0,,UAH,100,3.0,gr,weight,,
857,413,p220417,,P220417-S,Маленький пакет,Маленький  пакет,10.0,,UAH,100,3.0,gr,weight,,
858,413,p220417,,P220417-L,Великий пакет,Большой  пакет,20.0,,UAH,100,3.0,gr,weight,,
859,414,p220418,,P220418-S,Маленький пакет,Маленький  пакет,10.0,,UAH,100,3.0,gr,weight,,
860,414,p220418,,P220418-L,Великий пакет,Большой  пакет,20.0,,UAH,100,3.0,gr,weight,,
861,415,p220419,,P220419-S,Маленький пакет,Маленький  пакет,10.0,,UAH,100,3.0,gr,weight,,
862,415,p220419,,P220419-L,Великий пакет,Большой  пакет,20.0,,UAH,100,3.0,gr,weight,,
863,416,p220420,,P220420-S,Маленький пакет,Маленький  пакет,10.0,,UAH,100,3.0,gr,weight,,
864,416,p220420,,P220420-L,Великий пакет,Большой  пакет,20.0,,UAH,100,3.0,gr,weight,,
865,417,p220421,,P220421-S,Маленький пакет,Маленький  пакет,10.0,,UAH,100,3.0,gr,weight,,
866,417,p220421,,P220421-L,Великий пакет,Большой  пакет,20.0,,UAH,100,3.0,gr,weight,,
867,418,p220422,,P220422-S,Маленький пакет,Маленький  пакет,10.0,,UAH,100,3.0,gr,weight,,
868,418,p220422,,P220422-L,Великий пакет,Большой  пакет,20.0,,UAH,100,3.0,gr,weight,,
869,419,p220423,,P220423-S,Маленький пакет,Маленький  пакет,10.0,,UAH,100,3.0,gr,weight,,
870,419,p220423,,P220423-L,Великий пакет,Большой  пакет,20.0,,UAH,100,3.0,gr,weight,,
871,420,p220424,,P220424-S,Маленький пакет,Маленький  пакет,10.0,,UAH,100,3.0,gr,weight,,
872,420,p220424,,P220424-L,Великий пакет,Большой  пакет,20.0,,UAH,100,3.0,gr,weight,,
873,421,p220425,,P220425-S,Маленький пакет,Маленький  пакет,10.0,,UAH,100,3.0,gr,weight,,
874,421,p220425,,P220425-L,Великий пакет,Большой  пакет,20.0,,UAH,100,3.0,gr,weight,,
875,422,p220426,,P220426-S,Маленький пакет,Маленький  пакет,10.0,,UAH,100,3.0,gr,weight,,
876,422,p220426,,P220426-L,Великий пакет,Большой  пакет,20.0,,UAH,100,3.0,gr,weight,,
877,423,p220427,,P220427-S,Маленький пакет,Маленький  пакет,10.0,,UAH,100,3.0,gr,weight,,
878,423,p220427,,P220427-L,Великий пакет,Большой  пакет,20.0,,UAH,100,3.0,gr,weight,,
879,424,p220428,,P220428-S,Маленький пакет,Маленький  пакет,10.0,,UAH,100,3.0,gr,weight,,
880,424,p220428,,P220428-L,Великий пакет,Большой  пакет,20.0,,UAH,100,3.0,gr,weight,,
881,425,p220429,,P220429-S,Маленький пакет,Маленький  пакет,10.0,,UAH,100,3.0,gr,weight,,
882,425,p220429,,P220429-L,Великий пакет,Большой  пакет,20.0,,UAH,100,3.0,gr,weight,,
883,426,p230430,,P230430-S,Маленький пакет,Маленький  пакет,10.0,,UAH,100,3.0,gr,weight,,
884,426,p230430,,P230430-L,Великий пакет,Большой  пакет,20.0,,UAH,100,3.0,gr,weight,,
885,427,p230431,,P230431-S,Маленький пакет,Маленький  пакет,10.0,,UAH,100,3.0,gr,weight,,
886,427,p230431,,P230431-L,Великий пакет,Большой  пакет,20.0,,UAH,100,3.0,gr,weight,,
887,428,p230432,,P230432-S,Маленький пакет,Маленький  пакет,10.0,,UAH,100,3.0,gr,weight,,
888,428,p230432,,P230432-L,Великий пакет,Большой  пакет,20.0,,UAH,100,3.0,gr,weight,,
889,429,p230433,,P230433-S,Маленький пакет,Маленький  пакет,10.0,,UAH,100,3.0,gr,weight,,
890,429,p230433,,P230433-L,Великий пакет,Большой  пакет,20.0,,UAH,100,3.0,gr,weight,,
891,430,p240434,,P240434-S,Маленький пакет,Маленький  пакет,10.0,,UAH,100,3.0,gr,weight,,
892,430,p240434,,P240434-L,Великий пакет,Большой  пакет,20.0,,UAH,100,3.0,gr,weight,,
893,431,p240435,,P240435-S,Маленький пакет,Маленький  пакет,10.0,,UAH,100,3.0,gr,weight,,
894,431,p240435,,P240435-L,Великий пакет,Большой  пакет,20.0,,UAH,100,3.0,gr,weight,,
895,432,p240436,,P240436-S,Маленький пакет,Маленький  пакет,10.0,,UAH,100,3.0,gr,weight,,
896,432,p240436,,P240436-L,Великий пакет,Большой  пакет,20.0,,UAH,100,3.0,gr,weight,,
897,433,p240437,,P240437-S,Маленький пакет,Маленький  пакет,10.0,,UAH,100,3.0,gr,weight,,
898,433,p240437,,P240437-L,Великий пакет,Большой  пакет,20.0,,UAH,100,3.0,gr,weight,,
899,434,p240438,,P240438-S,Маленький пакет,Маленький  пакет,10.0,,UAH,100,3.0,gr,weight,,
900,434,p240438,,P240438-L,Великий пакет,Большой  пакет,20.0,,UAH,100,3.0,gr,weight,,
901,435,p240439,,P240439-S,Маленький пакет,Маленький  пакет,10.0,,UAH,100,3.0,gr,weight,,
902,435,p240439,,P240439-L,Великий пакет,Большой  пакет,20.0,,UAH,100,3.0,gr,weight,,
